item_id,item_text,construct,questionnaire,dimension,dimension_label,confidence,source,date_added,model_version
HADS_01,I feel tense or 'wound up'.,anxiety,HADS,1,Somatic symptoms,0.569,expert_consensus,,
HADS_03,I get a sort of frightened feeling as if something awful is about to happen.,anxiety,HADS,2,Cognitive symptoms,0.738,expert_consensus,,
HADS_05,Worrying thoughts go through my mind.,anxiety,HADS,2,Cognitive symptoms,1.0,expert_consensus,,
HADS_07,I can sit at ease and feel relaxed.,anxiety,HADS,1,Somatic symptoms,0.524,expert_consensus,,
HADS_09,I get a sort of frightened feeling like butterflies' in the stomach.,anxiety,HADS,1,Somatic symptoms,0.815,expert_consensus,,
HADS_11,I feel restless as I have to be on the move.,anxiety,HADS,1,Somatic symptoms,0.815,expert_consensus,,
HADS_13,I get sudden feelings of panic.,anxiety,HADS,2,Cognitive symptoms,0.604,expert_consensus,,
HAMA_01,"Anxious mood: Worries, anticipation of the worst, fearful anticipation, irritability.",anxiety,HAMA,2,Cognitive symptoms,0.903,expert_consensus,,
HAMA_02,"Tension: Feelings of tension, fatigability, startle response, moved to tears easily, trembling, feelings of restlessness, inability to relax.",anxiety,HAMA,1,Somatic symptoms,0.672,expert_consensus,,
HAMA_03,"Fears: Of dark, of strangers, of being left alone, of animals, of traffic, of crowds.",anxiety,HAMA,2,Cognitive symptoms,0.95,expert_consensus,,
HAMA_04,"Insomnia: Difficulty in falling asleep, broken sleep, unsatisfying sleep and fatigue on waking, dreams, nightmares, night terrors.",anxiety,HAMA,1,Somatic symptoms,0.81,expert_consensus,,
HAMA_05,"Intellectual: Difficulty in concentration, poor memory.",anxiety,HAMA,2,Cognitive symptoms,0.619,expert_consensus,,
HAMA_06,"Depressed mood: Loss of interest, lack of pleasure in hobbies, depression, early waking, diurnal swing.",anxiety,HAMA,2,Cognitive symptoms,0.473,expert_consensus,,
HAMA_07,"Somatic (muscular): Pains and aches, twitching, stiffness, myoclonic jerks, grinding of teeth, unsteady voice, increased muscular tone.",anxiety,HAMA,1,Somatic symptoms,1.0,expert_consensus,,
HAMA_08,"Somatic (sensory): Tinnitus, blurring of vision, hot and cold flushes, feelings of weakness, pricking sensation.",anxiety,HAMA,1,Somatic symptoms,1.0,expert_consensus,,
HAMA_09,"Cardiovascular symptoms : Tachycardia, palpitations, pain in chest, throbbing of vessels, fainting feelings, missing beat.",anxiety,HAMA,1,Somatic symptoms,1.0,expert_consensus,,
HAMA_10,"Respiratory symptoms: Pressure or constriction in chest, choking feelings, sighing, dyspnea",anxiety,HAMA,1,Somatic symptoms,1.0,expert_consensus,,
HAMA_11,"Gastrointestinal symptoms: Difficulty in swallowing, wind abdominal pain, burning sensations, abdominal fullness, nausea, vomiting, borborygmi, looseness of bowels, loss of weight, constipation.",anxiety,HAMA,1,Somatic symptoms,1.0,expert_consensus,,
HAMA_12,"Genitourinary symptoms: Frequency of micturition, urgency of micturition, amenorrhea, menorrhagia, development of frigidity, premature ejaculation, loss of libido, impotence.",anxiety,HAMA,1,Somatic symptoms,0.903,expert_consensus,,
HAMA_13,"Autonomic symptoms: Dry mouth, flushing, pallor, tendency to sweat, giddiness, tension headache, raising of hair.",anxiety,HAMA,1,Somatic symptoms,1.0,expert_consensus,,
HAMA_14,"Behavior at interview: Fidgeting, restlessness or pacing, tremor of hands, furrowed brow, strained face, sighing or rap",anxiety,HAMA,1,Somatic symptoms,1.0,expert_consensus,,
BAI_01,Numbness or tingling,anxiety,BAI,1,Somatic symptoms,1.0,expert_consensus,,
BAI_02,Feeling hot,anxiety,BAI,1,Somatic symptoms,1.0,expert_consensus,,
BAI_03,Wobbliness in legs,anxiety,BAI,1,Somatic symptoms,1.0,expert_consensus,,
BAI_04,Unable to relax,anxiety,BAI,1,Somatic symptoms,0.578,expert_consensus,,
BAI_05,Fear of worst happening,anxiety,BAI,2,Cognitive symptoms,0.858,expert_consensus,,
BAI_06,Dizzy or lightheaded,anxiety,BAI,1,Somatic symptoms,1.0,expert_consensus,,
BAI_07,Heart pounding / racing,anxiety,BAI,1,Somatic symptoms,1.0,expert_consensus,,
BAI_08,Unsteady,anxiety,BAI,1,Somatic symptoms,0.632,expert_consensus,,
BAI_09,Terrified or afraid,anxiety,BAI,2,Cognitive symptoms,0.632,expert_consensus,,
BAI_10,Nervous,anxiety,BAI,2,Cognitive symptoms,0.488,expert_consensus,,
BAI_11,Feeling of choking,anxiety,BAI,1,Somatic symptoms,0.903,expert_consensus,,
BAI_12,Hands trembling,anxiety,BAI,1,Somatic symptoms,1.0,expert_consensus,,
BAI_13,Shaky / unsteady,anxiety,BAI,1,Somatic symptoms,0.903,expert_consensus,,
BAI_14,Fear of losing control,anxiety,BAI,2,Cognitive symptoms,0.858,expert_consensus,,
BAI_15,Difficulty in breathing,anxiety,BAI,1,Somatic symptoms,0.903,expert_consensus,,
BAI_16,Fear of dying,anxiety,BAI,2,Cognitive symptoms,0.858,expert_consensus,,
BAI_17,Scared,anxiety,BAI,2,Cognitive symptoms,0.732,expert_consensus,,
BAI_18,Indigestion,anxiety,BAI,1,Somatic symptoms,0.95,expert_consensus,,
BAI_19,Faint / lightheaded,anxiety,BAI,1,Somatic symptoms,1.0,expert_consensus,,
BAI_20,Face flushed,anxiety,BAI,1,Somatic symptoms,1.0,expert_consensus,,
BAI_21,Hot / cold sweats,anxiety,BAI,1,Somatic symptoms,0.95,expert_consensus,,
PAS_A.1,Feeling anxious or nervous,anxiety,PAS,2,Cognitive symptoms,0.604,expert_consensus,,
PAS_A.2,Feeling tense or stressed,anxiety,PAS,1,Somatic symptoms,1.0,expert_reviewed,,
PAS_A.3,Being unable to relax,anxiety,PAS,1,Somatic symptoms,0.508,expert_consensus,,
PAS_A.4,Excessive worrying about everyday matters,anxiety,PAS,2,Cognitive symptoms,1.0,expert_consensus,,
PAS_A.5,"Fear of something bad, or even the worst, happening",anxiety,PAS,2,Cognitive symptoms,0.95,expert_consensus,,
PAS_B.1,Panic or intense fear,anxiety,PAS,2,Cognitive symptoms,0.704,expert_consensus,,
PAS_B.2,Shortness of breath,anxiety,PAS,1,Somatic symptoms,1.0,expert_consensus,,
PAS_B.3,Heart palpitations or heart beating fast (not related to physical effort or activity),anxiety,PAS,1,Somatic symptoms,1.0,expert_consensus,,
PAS_B.4,Fear of losing control,anxiety,PAS,2,Cognitive symptoms,0.95,expert_consensus,,
PAS_C.1,"Avoidance of social situations (where one may be observed or evaluated by others, such as speaking in public or talking to unknown people)",anxiety,PAS,2,Cognitive symptoms,0.858,expert_consensus,,
PAS_C.2,"Avoidance of public settings (situations from which it may be difficult or embarrassing to escape, such as queues or lines, crowds, bridges or public transport)",anxiety,PAS,2,Cognitive symptoms,0.815,expert_consensus,,
PAS_C.3,"Avoidance of specific objects or situations (such as flying, heights, spiders or other animals, needles or blood)",anxiety,PAS,2,Cognitive symptoms,0.815,expert_consensus,,
STAI_1,I feel calm,anxiety,STAI,2,Cognitive symptoms,0.455,expert_consensus,,
STAI_2,I feel secure,anxiety,STAI,2,Cognitive symptoms,0.688,expert_consensus,,
STAI_3,I feel tense,anxiety,STAI,1,Somatic symptoms,0.533,expert_consensus,,
STAI_4,I feel strained,anxiety,STAI,1,Somatic symptoms,0.501,expert_consensus,,
STAI_5,I feel at ease,anxiety,STAI,2,Cognitive symptoms,0.388,expert_consensus,,
STAI_6,I feel upset,anxiety,STAI,2,Cognitive symptoms,0.771,expert_consensus,,
STAI_7,I am presently worrying over possible misfortunes,anxiety,STAI,2,Cognitive symptoms,1.0,expert_consensus,,
STAI_8,I feel satisfied,anxiety,STAI,2,Cognitive symptoms,0.56,expert_consensus,,
STAI_9,I feel frightened,anxiety,STAI,2,Cognitive symptoms,0.81,expert_consensus,,
STAI_10,I feel uncomfortable,anxiety,STAI,1,Somatic symptoms,1.0,expert_reviewed,,
STAI_11,I feel self confident,anxiety,STAI,2,Cognitive symptoms,0.656,expert_consensus,,
STAI_12,I feel nervous,anxiety,STAI,2,Cognitive symptoms,0.488,expert_consensus,,
STAI_13,I feel jittery,anxiety,STAI,1,Somatic symptoms,0.555,expert_consensus,,
STAI_14,I feel indecisive,anxiety,STAI,2,Cognitive symptoms,0.95,expert_consensus,,
STAI_15,I am relaxed,anxiety,STAI,1,Somatic symptoms,1.0,expert_reviewed,,
STAI_16,I feel content,anxiety,STAI,2,Cognitive symptoms,0.588,expert_consensus,,
STAI_17,I am worried,anxiety,STAI,2,Cognitive symptoms,0.95,expert_consensus,,
STAI_18,I feel confused,anxiety,STAI,2,Cognitive symptoms,0.95,expert_consensus,,
STAI_19,I feel steady,anxiety,STAI,2,Cognitive symptoms,0.431,expert_consensus,,
STAI_20,I feel pleasant,anxiety,STAI,2,Cognitive symptoms,0.588,expert_consensus,,
NMSQuest_17,"Feeling anxious, frightened or panicky",anxiety,NMSQuest,2,Cognitive symptoms,0.732,expert_consensus,,
NPI_E_screen,"Is the patient very nervous, worried, or frightened for no apparent reason? Does she seem very tense or fidgety? Is the patient afraid to be apart from you?",anxiety,NPI,2,Cognitive symptoms,0.421,expert_consensus,,
NPI_E_1,Does the patient say that she is worried about planned events?,anxiety,NPI,2,Cognitive symptoms,0.95,expert_consensus,,
NPI_E_2,"Does the patient have periods of feeling shaky, unable to relax, or feeling excessively tense?",anxiety,NPI,1,Somatic symptoms,0.672,expert_consensus,,
NPI_E_3,"Does the patient have periods of shortness of breath, gasping, or sighing for no apparent reason other than nervousness?",anxiety,NPI,1,Somatic symptoms,1.0,expert_consensus,,
NPI_E_4,"Does the patient complain of butterflies in her stomach, or of racing or pounding of the heart in association with nervousness?",anxiety,NPI,1,Somatic symptoms,1.0,expert_consensus,,
NPI_E_5,"Does the patient avoid certain places or situations that make her more nervous such as riding in the car, meeting with friends, or being in crowds?",anxiety,NPI,2,Cognitive symptoms,0.812,expert_consensus,,
NPI_E_6,Does the patient become nervous and upset when separated from you,anxiety,NPI,2,Cognitive symptoms,0.585,expert_consensus,,
NPI_E_7,Does the patient show any other signs of anxiety?,anxiety,NPI,-1,Does not fit,1.0,expert_reviewed,,
MDS-UPDRS_1.4,"Over the past week have you felt nervous, worried, or tense?",anxiety,MDS-UPDRS_I,2,Cognitive symptoms,0.553,expert_consensus,,
SAS_01,Are you interested in learning new things?,apathy,SAS,1,Behavioral-Cognitive apathy,1.0,expert_consensus,,
SAS_02,Does anything interest you?,apathy,SAS,1,Behavioral-Cognitive apathy,0.812,expert_consensus,,
SAS_03,Are you concerned about your condition?,apathy,SAS,1,Behavioral-Cognitive apathy,0.56,expert_consensus,,
SAS_04,Do you put much effort into things?,apathy,SAS,1,Behavioral-Cognitive apathy,0.95,expert_consensus,,
SAS_05,Are you always looking for something to do?,apathy,SAS,1,Behavioral-Cognitive apathy,0.903,expert_consensus,,
SAS_06,Do you have plans and goals for the future?,apathy,SAS,1,Behavioral-Cognitive apathy,0.95,expert_consensus,,
SAS_07,Do you have motivation?,apathy,SAS,1,Behavioral-Cognitive apathy,0.812,expert_consensus,,
SAS_08,Do you have the energy for daily activities?,apathy,SAS,1,Behavioral-Cognitive apathy,0.768,expert_consensus,,
SAS_09,Does someone have to tell you what to do each day?,apathy,SAS,1,Behavioral-Cognitive apathy,0.95,expert_consensus,,
SAS_10,Are you indifferent to things?,apathy,SAS,2,Affective apathy,0.508,expert_consensus,,
SAS_11,Are you unconcerned with many things?,apathy,SAS,2,Affective apathy,1.0,expert_reviewed,,
SAS_12,Do you need a push to get started on things?,apathy,SAS,1,Behavioral-Cognitive apathy,0.95,expert_consensus,,
SAS_13,"Are you neither happy nor sad, just in between?",apathy,SAS,2,Affective apathy,0.727,expert_consensus,,
SAS_14,Would you consider yourself apathetic?,apathy,SAS,-1,Does not fit,1.0,expert_reviewed,,
AES_01,She is interested in things.,apathy,AES,1,Behavioral-Cognitive apathy,0.858,expert_consensus,,
AES_02,She gets things done during the day.,apathy,AES,1,Behavioral-Cognitive apathy,0.95,expert_consensus,,
AES_03,Getting things started on her own is important to her.,apathy,AES,1,Behavioral-Cognitive apathy,0.95,expert_consensus,,
AES_04,She is interested in having new experiences.,apathy,AES,1,Behavioral-Cognitive apathy,0.903,expert_consensus,,
AES_05,She is interested in learning new things.,apathy,AES,1,Behavioral-Cognitive apathy,1.0,expert_consensus,,
AES_06,She puts little effort into anything.,apathy,AES,1,Behavioral-Cognitive apathy,1.0,expert_consensus,,
AES_07,She approaches life with intensity.,apathy,AES,1,Behavioral-Cognitive apathy,0.472,expert_consensus,,
AES_08,Seeing a job through to the end is important to her.,apathy,AES,1,Behavioral-Cognitive apathy,0.95,expert_consensus,,
AES_09,She spends time doing things that interest her.,apathy,AES,1,Behavioral-Cognitive apathy,0.901,expert_consensus,,
AES_10,Someone has to tell her what to do each day.,apathy,AES,1,Behavioral-Cognitive apathy,1.0,expert_consensus,,
AES_11,She is less concerned about her/his problems than s/he should be.,apathy,AES,2,Affective apathy,1.0,expert_reviewed,,
AES_12,She has friends.,apathy,AES,-1,Does not fit,1.0,expert_reviewed,,
AES_13,Getting together with friends is important to her.,apathy,AES,-1,Does not fit,1.0,expert_reviewed,,
AES_14,"When something good happens, s/he gets excited. ",apathy,AES,2,Affective apathy,0.903,expert_consensus,,
AES_15,She has an accurate understanding of her/his problems.,apathy,AES,1,Behavioral-Cognitive apathy,0.728,expert_consensus,,
AES_16,Getting things done during the day is important to her.,apathy,AES,1,Behavioral-Cognitive apathy,1.0,expert_consensus,,
AES_17,She has initiative.,apathy,AES,1,Behavioral-Cognitive apathy,0.95,expert_consensus,,
AES_18,She has motivation.,apathy,AES,1,Behavioral-Cognitive apathy,0.691,expert_consensus,,
AMI_01,I feel sad or upset when I hear bad news.,apathy,AMI,2,Affective apathy,0.812,expert_consensus,,
AMI_02,I start conversations with random people.,apathy,AMI,1,Behavioral-Cognitive apathy,0.855,expert_consensus,,
AMI_03,I enjoy doing things with people I have just met.,apathy,AMI,2,Affective apathy,1.0,expert_reviewed,,
AMI_04,I suggest activities for me and my friends to do.,apathy,AMI,1,Behavioral-Cognitive apathy,0.858,expert_consensus,,
AMI_05,I make decisions firmly and without hesitation.,apathy,AMI,1,Behavioral-Cognitive apathy,0.815,expert_consensus,,
AMI_06,"After making a decision, I will wonder if I have made the wrong choice.",apathy,AMI,1,Behavioral-Cognitive apathy,0.617,expert_consensus,,
AMI_07,"Based on the last two weeks, I would say I care deeply about how my loved ones think of me.",apathy,AMI,2,Affective apathy,0.555,expert_consensus,,
AMI_08,I go out with friends on a weekly basis.,apathy,AMI,1,Behavioral-Cognitive apathy,0.56,expert_consensus,,
AMI_09,"When I decide to do something, I am able to make an effort easily.",apathy,AMI,1,Behavioral-Cognitive apathy,1.0,expert_consensus,,
AMI_10,I don’t like to laze around.,apathy,AMI,1,Behavioral-Cognitive apathy,1.0,expert_consensus,,
AMI_11,"I get things done when they need to be done, without requiring reminders from others.",apathy,AMI,1,Behavioral-Cognitive apathy,1.0,expert_consensus,,
AMI_12,"When I decide to do something, I am motivated to see it through to the end.",apathy,AMI,1,Behavioral-Cognitive apathy,0.903,expert_consensus,,
AMI_13,I feel awful if I say something insensitive.,apathy,AMI,2,Affective apathy,0.688,expert_consensus,,
AMI_14,I start conversations without being prompted.,apathy,AMI,1,Behavioral-Cognitive apathy,0.95,expert_consensus,,
AMI_15,"When I have something I need to do, I do it straightaway so it is out of the way.",apathy,AMI,1,Behavioral-Cognitive apathy,0.95,expert_consensus,,
AMI_16,I feel bad when I hear an acquaintance has an accident or illness.,apathy,AMI,2,Affective apathy,0.903,expert_consensus,,
AMI_17,I enjoy choosing what to do from a range of activities.,apathy,AMI,1,Behavioral-Cognitive apathy,0.544,expert_consensus,,
AMI_18,"If I realise I have been unpleasant to someone, I will feel terribly guilty afterwards.",apathy,AMI,2,Affective apathy,0.691,expert_consensus,,
LARS_02.2,How many times a week do you engage in your hobby?,apathy,LARS,1,Behavioral-Cognitive apathy,0.95,expert_consensus,,
LARS_03.1,"In general, do you decide to do things or does someone have to push you a little? ",apathy,LARS,1,Behavioral-Cognitive apathy,1.0,expert_consensus,,
LARS_03.2,"When you have to go to an appointment, a meeting or a formal occasion, do you have to be told to get yourself ready?",apathy,LARS,1,Behavioral-Cognitive apathy,1.0,expert_consensus,,
LARS_03.3,"When you have to make an appointment (for example with the doctor or dentist), do you do it yourself or do you wait for someone to do it for you?",apathy,LARS,1,Behavioral-Cognitive apathy,0.95,expert_consensus,,
LARS_03.4,Do you take part spontaneously in daily living activities or do you need to be asked?,apathy,LARS,1,Behavioral-Cognitive apathy,0.95,expert_consensus,,
LARS_04.1,Do you like finding out about something new (a new TV programme or a new book)?,apathy,LARS,1,Behavioral-Cognitive apathy,0.776,expert_consensus,,
LARS_04.2,"Do you like trying out new products, tools or recipes that you're not familiar with? ",apathy,LARS,1,Behavioral-Cognitive apathy,0.903,expert_consensus,,
LARS_04.3,Do you like visiting places you've never been to before?,apathy,LARS,1,Behavioral-Cognitive apathy,0.776,expert_consensus,,
LARS_04.4,"When you go out for a drive or when you're travelling by train or bus, do you enjoy looking at the countryside, the houses? ",apathy,LARS,2,Affective apathy,1.0,expert_reviewed,,
LARS_05.1,"When you decide to do something, are you easily able to make an effort or is it difficult?",apathy,LARS,1,Behavioral-Cognitive apathy,0.95,expert_consensus,,
LARS_05.2,"When you don't manage to do something, do you try to find other solutions? ",apathy,LARS,1,Behavioral-Cognitive apathy,0.95,expert_consensus,,
LARS_05.3,"When you decide to do something, do you see it through to the end or do you tend to give up?",apathy,LARS,1,Behavioral-Cognitive apathy,0.95,expert_consensus,,
LARS_05.4,"When you can't find something (for example a document or an object), do you go to a lot of trouble looking for it? ",apathy,LARS,1,Behavioral-Cognitive apathy,0.95,expert_consensus,,
LARS_06.1,"When you watch a film, do you easily become emotional or moved? ",apathy,LARS,2,Affective apathy,0.858,expert_consensus,,
LARS_06.2,"When someone tells you a joke or when you watch a comedy sketch on TV, do you laugh easily? ",apathy,LARS,2,Affective apathy,0.855,expert_consensus,,
LARS_06.3,Do you feel happy when you hear some good news?,apathy,LARS,2,Affective apathy,0.903,expert_consensus,,
LARS_06.4,Do you feel sad when you hear some bad news?,apathy,LARS,2,Affective apathy,0.903,expert_consensus,,
LARS_07.1,"When you have a problem (for example when your TV set breaks down), does it worry you? ",apathy,LARS,2,Affective apathy,0.486,expert_consensus,,
LARS_07.2,"When something's not working or when something unexpected happens, do you think about finding a solution? ",apathy,LARS,2,Affective apathy,0.578,expert_consensus,,
LARS_07.2,"When your partner or children have a minor problem (when they're ill, for example), does that concern you, do you worry about them? ",apathy,LARS,2,Affective apathy,0.578,expert_consensus,,
LARS_07.4,Do you like to ask how your family and friends are on a regular basis?,apathy,LARS,2,Affective apathy,0.486,expert_consensus,,
LARS_08.1,Do you have friends?,apathy,LARS,-1,Does not fit,0.347,expert_consensus,,
LARS_08.2,"When you meet friends, do you enjoy spending time with them or it is a chore?",apathy,LARS,2,Affective apathy,0.568,expert_consensus,,
LARS_08.3,"In conversation, do you start talking or do the others tend to speak to you first? ",apathy,LARS,1,Behavioral-Cognitive apathy,0.768,expert_consensus,,
LARS_08.4,"During a discussion, do you give your own opinion spontaneously or do you fall into line with someone else's opinion? ",apathy,LARS,1,Behavioral-Cognitive apathy,0.691,expert_consensus,,
LARS_09.1,"When you've finished doing something, do you take stock of the situation and think about what is going well and what's not?",apathy,LARS,1,Behavioral-Cognitive apathy,0.728,expert_consensus,,
LARS_09.2,"After having taken a decision, do you sometimes think that you've made the wrong choice? ",apathy,LARS,1,Behavioral-Cognitive apathy,0.553,expert_consensus,,
LARS_09.3,"When you've been unpleasant to someone, do you sometimes feel guilty afterwards? ",apathy,LARS,2,Affective apathy,0.553,expert_consensus,,
LARS_09.4,"If, during a discussion, you realize that you're in the wrong, are you able to admit it - at least to yourself? ",apathy,LARS,1,Behavioral-Cognitive apathy,0.406,expert_consensus,,
NMSQuest_13,Loss of interest in what is happening around you or doing things,apathy,NMSSQuest,1,Behavioral-Cognitive apathy,0.585,expert_consensus,,
NPI_G_screen,Has the patient lost interest in the world around her? Has she lost interest in doing things or does she lack motivation for starting new activities? Is she more difficult to engage in conversation or in doing chores? Is the patient apathetic or indifferent?,apathy,NPI,1,Behavioral-Cognitive apathy,0.528,expert_consensus,,
NPI_G_1,Does the patient seem less spontaneous and less active than usual?,apathy,NPI,1,Behavioral-Cognitive apathy,0.858,expert_consensus,,
NPI_G_2,Is the patient less likely to initiate a conversation?,apathy,NPI,1,Behavioral-Cognitive apathy,0.903,expert_consensus,,
NPI_G_3,Is the patient less affectionate or lacking in emotions when compared to her usual self?,apathy,NPI,2,Affective apathy,0.903,expert_consensus,,
NPI_G_4,Does the patient contribute less to household chores?,apathy,NPI,1,Behavioral-Cognitive apathy,0.95,expert_consensus,,
NPI_G_5,Does the patient seem less interested in the activities and plans of others?,apathy,NPI,1,Behavioral-Cognitive apathy,0.568,expert_consensus,,
NPI_G_6,Has the patient lost interest in friends and family members?,apathy,NPI,2,Affective apathy,1.0,expert_reviewed,,
NPI_G_7,Is the patient less enthusiastic about her usual interests?,apathy,NPI,2,Affective apathy,0.578,expert_consensus,,
NPI_G_8,Does the patient show any other signs that she doesn’t care about doing new things?,apathy,NPI,1,Behavioral-Cognitive apathy,0.555,expert_consensus,,
MDS-UPDRS_1.5,"Over the past week, have you felt indifferent to doing activities or being with people?",apathy,MDS-UPDRS_I,2,Affective apathy,1.0,expert_reviewed,,
BDI_01,I feel sad.,depression,BDI,1,Mood & affective symptoms,1.0,expert_consensus,,
BDI_02,I feel discouraged about the future.,depression,BDI,2,Cognitive & self-perception,0.568,expert_consensus,,
BDI_03,I feel I have failed more than the average person.,depression,BDI,2,Cognitive & self-perception,0.812,expert_consensus,,
BDI_04,I don't enjoy things the way I used to.,depression,BDI,4,Activity & interest deficits,0.517,expert_consensus,,
BDI_05,I feel guilty a good part of the time.,depression,BDI,2,Cognitive & self-perception,0.522,expert_consensus,,
BDI_06,I feel I may be punished.,depression,BDI,2,Cognitive & self-perception,0.696,expert_consensus,,
BDI_07,I am disappointed in myself.,depression,BDI,2,Cognitive & self-perception,0.858,expert_consensus,,
BDI_08,I am critical of myself for my weaknesses or mistakes.,depression,BDI,2,Cognitive & self-perception,0.858,expert_consensus,,
BDI_09,"I have thoughts of killing myself, but I would not carry them out.",depression,BDI,1,Mood & affective symptoms,0.414,expert_consensus,,
BDI_10,I cry more now than I used to.,depression,BDI,1,Mood & affective symptoms,0.655,expert_consensus,,
BDI_11,I am slightly more irritated now than usual.,depression,BDI,5,Anxiety & distress,0.69,expert_consensus,,
BDI_12,I am less interested in other people than I used to be.,depression,BDI,4,Activity & interest deficits,0.696,expert_consensus,,
BDI_13,I put off making decisions more than I used to.,depression,BDI,2,Cognitive & self-perception,1.0,expert_reviewed,,
BDI_14,I am worried that I am looking old or unattractive.,depression,BDI,2,Cognitive & self-perception,0.653,expert_consensus,,
BDI_15,It takes an extra effort to get started at doing something.,depression,BDI,4,Activity & interest deficits,0.605,expert_consensus,,
BDI_16,I don't sleep as well as I used to.,depression,BDI,3,Somatic & vegetative symptoms,0.809,expert_consensus,,
BDI_17,I get tired more easily than I used to.,depression,BDI,3,Somatic & vegetative symptoms,0.727,expert_consensus,,
BDI_18,My appetite is not as good as it used to be.,depression,BDI,3,Somatic & vegetative symptoms,0.901,expert_consensus,,
BDI_19,I have lost more than five pounds.,depression,BDI,3,Somatic & vegetative symptoms,0.901,expert_consensus,,
BDI_20,"I am worried about physical problems like aches, pains, upset stomach, or constipation.",depression,BDI,3,Somatic & vegetative symptoms,1.0,expert_reviewed,,
BDI_21,I am less interested in sex than I used to be.,depression,BDI,4,Activity & interest deficits,0.485,expert_consensus,,
GDS_01,Are you basically satisfied with your life?,depression,GDS,2,Cognitive & self-perception,0.535,expert_consensus,,
GDS_02,Have you dropped many of your activities and interests?,depression,GDS,4,Activity & interest deficits,0.903,expert_consensus,,
GDS_03,Do you feel that your life is empty?,depression,GDS,2,Cognitive & self-perception,1.0,expert_reviewed,,
GDS_04,Do you often get bored?,depression,GDS,4,Activity & interest deficits,0.519,expert_consensus,,
GDS_05,Are you in good spirits most of the time?,depression,GDS,1,Mood & affective symptoms,0.95,expert_consensus,,
GDS_06,Are you afraid that something bad is going to happen to you?,depression,GDS,5,Anxiety & distress,0.578,expert_consensus,,
GDS_07,Do you feel happy most of the time?,depression,GDS,1,Mood & affective symptoms,0.95,expert_consensus,,
GDS_08,Do you often feel helpless?,depression,GDS,1,Mood & affective symptoms,1.0,expert_reviewed,,
GDS_09,"Do you prefer to stay at home, rather than going out and doing things?",depression,GDS,4,Activity & interest deficits,0.855,expert_consensus,,
GDS_10,Do you feel that you have more problems with memory than most?,depression,GDS,2,Cognitive & self-perception,0.578,expert_consensus,,
GDS_11,Do you think it is wonderful to be alive now?,depression,GDS,1,Mood & affective symptoms,0.521,expert_consensus,,
GDS_12,Do you feel worthless the way you are now?,depression,GDS,2,Cognitive & self-perception,0.672,expert_consensus,,
GDS_13,Do you feel full of energy?,depression,GDS,4,Activity & interest deficits,1.0,expert_reviewed,,
GDS_14,Do you feel that your situation is hopeless?,depression,GDS,2,Cognitive & self-perception,0.465,expert_consensus,,
GDS_15,Do you think that most people are better off than you are?,depression,GDS,2,Cognitive & self-perception,0.95,expert_consensus,,
HADS_02,I still enjoy the things I used to enjoy.,depression,HADS,4,Activity & interest deficits,0.542,expert_consensus,,
HADS_04,I can laugh and see the funny side of things.,depression,HADS,1,Mood & affective symptoms,0.594,expert_consensus,,
HADS_06,I feel cheerful.,depression,HADS,1,Mood & affective symptoms,0.901,expert_consensus,,
HADS_08,I feel as if I am slowed down.,depression,HADS,3,Somatic & vegetative symptoms,0.332,expert_consensus,,
HADS_10,I have lost interest in my appearance.,depression,HADS,4,Activity & interest deficits,1.0,expert_reviewed,,
HADS_12,I look forward with enjoyment to things.,depression,HADS,4,Activity & interest deficits,1.0,expert_reviewed,,
HAMD_01,"Depressed mood (sadness, hopeless, helpless, worthless)",depression,HAMD,1,Mood & affective symptoms,1.0,expert_consensus,,
HAMD_02,Feelings of guilt,depression,HAMD,2,Cognitive & self-perception,0.578,expert_consensus,,
HAMD_03,Suicide,depression,HAMD,1,Mood & affective symptoms,0.381,expert_consensus,,
HAMD_04,Insomnia: early in the night,depression,HAMD,3,Somatic & vegetative symptoms,0.768,expert_consensus,,
HAMD_05,Insomnia: middle of the night,depression,HAMD,3,Somatic & vegetative symptoms,0.901,expert_consensus,,
HAMD_06,Insomnia: early hours of the morning,depression,HAMD,3,Somatic & vegetative symptoms,0.901,expert_consensus,,
HAMD_07,"Work and activities: incapacity, fatigue, weakness, or loss of interest related to activities, work or hobbies",depression,HAMD,4,Activity & interest deficits,0.901,expert_consensus,,
HAMD_08,"Retardation (slowness of thought and speech, impaired ability to concentrate, decreased motor activity",depression,HAMD,3,Somatic & vegetative symptoms,0.391,expert_consensus,,
HAMD_09,Agitation,depression,HAMD,5,Anxiety & distress,0.771,expert_consensus,,
HAMD_12,Somatic symptoms gastro-intestinal: loss of appetite,depression,HAMD,3,Somatic & vegetative symptoms,0.95,expert_consensus,,
HAMD_13,"General somatic symptoms: heaviness in limbs, aches, loss of energy and fatigability",depression,HAMD,3,Somatic & vegetative symptoms,0.901,expert_consensus,,
HAMD_14,"Genital symptoms (symptoms such as loss of libido, menstrual disturbances)",depression,HAMD,3,Somatic & vegetative symptoms,0.95,expert_consensus,,
HAMD_16,Loss of weight,depression,HAMD,3,Somatic & vegetative symptoms,1.0,expert_consensus,,
NMSQuest_16,"Feeling sad, 'low' or 'blue'",depression,NMSQuest,1,Mood & affective symptoms,1.0,expert_consensus,,
NMSS_7,Has the patient lost interest in her surroundings?,depression,NMSS,4,Activity & interest deficits,0.858,expert_consensus,,
NMSS_8,Has the patient lost interest in doing things or lack motivation to start new activities?,depression,NMSS,4,Activity & interest deficits,0.903,expert_consensus,,
NMSS_9,"Does the patient feel nervous, worried or frightened for no apparent reason?",depression,NMSS,5,Anxiety & distress,0.809,expert_consensus,,
NMSS_10,Does the patient seem sad or depressed or has she reported such feelings?,depression,NMSS,1,Mood & affective symptoms,1.0,expert_consensus,,
NMSS_11,"Does the patient have flat moods without the normal ""highs"" and ""lows""?",depression,NMSS,1,Mood & affective symptoms,0.858,expert_consensus,,
NMSS_12,Does the patient have difficulty in experiencing pleasure from their usual activities or report that they lack pleasure?,depression,NMSS,4,Activity & interest deficits,0.591,expert_consensus,,
NPI_D_screen,Does the patient seem or say that she feels sad or depressed?,depression,NPI,1,Mood & affective symptoms,1.0,expert_consensus,,
NPI_D_1,Does the patient have periods of tearfulness or sobbing that seem to indicate sadness?,depression,NPI,1,Mood & affective symptoms,0.95,expert_consensus,,
NPI_D_2,"Does the patient say, or act as if, she is sad or in low spirits?",depression,NPI,1,Mood & affective symptoms,1.0,expert_consensus,,
NPI_D_3,Does the patient put herself down or say that she feels like a failure?,depression,NPI,2,Cognitive & self-perception,0.776,expert_consensus,,
NPI_D_4,Does the patient say that she is a bad person or deserves to be punished?,depression,NPI,2,Cognitive & self-perception,0.903,expert_consensus,,
NPI_D_5,Does the patient seem very discouraged or say that she has no future?,depression,NPI,2,Cognitive & self-perception,0.855,expert_consensus,,
NPI_D_6,Does the patient say she is a burden to the family or that the family would be better off without her?,depression,NPI,2,Cognitive & self-perception,0.855,expert_consensus,,
NPI_D_7,Does the patient express a wish for death or talk about killing herself?,depression,NPI,1,Mood & affective symptoms,1.0,expert_reviewed,,
NPI_D_8,Does the patient show any other signs of depression or sadness?,depression,NPI,1,Mood & affective symptoms,0.732,expert_consensus,,
MDS-UPDRS_1.3,"Over the past week have you felt low, sad, hopeless, or unable to enjoy things? Did it make it difficult for you to carry out your usual activities or be with people?",depression,MDS-UPDRS_I,1,Mood & affective symptoms,0.583,expert_consensus,,
QUIP-RS_1_01,How much do you think about gambling?,impulse_control,QUIP-RS,1,Pathological gambling,1.0,expert_consensus,,
QUIP-RS_1_02,How much do you think about sex?,impulse_control,QUIP-RS,2,Hypersexuality,1.0,expert_consensus,,
QUIP-RS_1_03,How much do you think about buying?,impulse_control,QUIP-RS,3,Compulsive buying,1.0,expert_consensus,,
QUIP-RS_1_04,How much do you think about eating?,impulse_control,QUIP-RS,4,Compulsive eating,1.0,expert_consensus,,
QUIP-RS_1_05,How much do you think about performing tasks or hobbies?,impulse_control,QUIP-RS,5,Punding-hobbyism,0.903,expert_consensus,,
QUIP-RS_1_06,How much do you think about repeating simple activities?,impulse_control,QUIP-RS,5,Punding-hobbyism,0.696,expert_consensus,,
QUIP-RS_1_07,How much do you think about taking your PD medications?,impulse_control,QUIP-RS,6,Dopamine dysregulation syndrome,0.815,expert_consensus,,
QUIP-RS_2_01,Do you have urges or desires for gambling that you feel are excessive or cause you distress?,impulse_control,QUIP-RS,1,Pathological gambling,1.0,expert_consensus,,
QUIP-RS_2_02,Do you have urges or desires for sex that you feel are excessive or cause you distress?,impulse_control,QUIP-RS,2,Hypersexuality,1.0,expert_consensus,,
QUIP-RS_2_03,Do you have urges or desires for buying that you feel are excessive or cause you distress?,impulse_control,QUIP-RS,3,Compulsive buying,1.0,expert_consensus,,
QUIP-RS_2_04,Do you have urges or desires for eating that you feel are excessive or cause you distress?,impulse_control,QUIP-RS,4,Compulsive eating,1.0,expert_consensus,,
QUIP-RS_2_05,Do you have urges or desires for performing tasks or hobbies that you feel are excessive or cause you distress?,impulse_control,QUIP-RS,5,Punding-hobbyism,1.0,expert_consensus,,
QUIP-RS_2_06,Do you have urges or desires for repeating simple activities that you feel are excessive or cause you distress?,impulse_control,QUIP-RS,5,Punding-hobbyism,0.776,expert_consensus,,
QUIP-RS_2_07,Do you have urges or desires for taking your PD medications that you feel are excessive or cause you distress?,impulse_control,QUIP-RS,6,Dopamine dysregulation syndrome,0.855,expert_consensus,,
QUIP-RS_3_01,Do you have difficulty controlling gambling?,impulse_control,QUIP-RS,1,Pathological gambling,1.0,expert_consensus,,
QUIP-RS_3_02,Do you have difficulty controlling sex?,impulse_control,QUIP-RS,2,Hypersexuality,1.0,expert_consensus,,
QUIP-RS_3_03,Do you have difficulty controlling buying?,impulse_control,QUIP-RS,3,Compulsive buying,1.0,expert_consensus,,
QUIP-RS_3_04,Do you have difficulty controlling eating?,impulse_control,QUIP-RS,4,Compulsive eating,1.0,expert_consensus,,
QUIP-RS_3_05,Do you have difficulty controlling performing tasks or hobbies?,impulse_control,QUIP-RS,5,Punding-hobbyism,1.0,expert_consensus,,
QUIP-RS_3_06,Do you have difficulty controlling repeating simple activities?,impulse_control,QUIP-RS,5,Punding-hobbyism,0.776,expert_consensus,,
QUIP-RS_3_07,Do you have difficulty controlling taking your PD medications?,impulse_control,QUIP-RS,6,Dopamine dysregulation syndrome,0.812,expert_consensus,,
QUIP-RS_4_01,Do you engage in activities specifically to continue gambling?,impulse_control,QUIP-RS,1,Pathological gambling,1.0,expert_consensus,,
QUIP-RS_4_02,Do you engage in activities specifically to continue sex?,impulse_control,QUIP-RS,2,Hypersexuality,1.0,expert_consensus,,
QUIP-RS_4_03,Do you engage in activities specifically to continue buying?,impulse_control,QUIP-RS,3,Compulsive buying,1.0,expert_consensus,,
QUIP-RS_4_04,Do you engage in activities specifically to continue eating?,impulse_control,QUIP-RS,4,Compulsive eating,1.0,expert_consensus,,
QUIP-RS_4_05,Do you engage in activities specifically to continue performing tasks or hobbies?,impulse_control,QUIP-RS,5,Punding-hobbyism,1.0,expert_consensus,,
QUIP-RS_4_06,Do you engage in activities specifically to continue repeating simple activities?,impulse_control,QUIP-RS,5,Punding-hobbyism,0.776,expert_consensus,,
QUIP-RS_4_07,Do you engage in activities specifically to continue taking your PD medications?,impulse_control,QUIP-RS,6,Dopamine dysregulation syndrome,0.812,expert_consensus,,
SCOPA-PC_01,"Did you perceive (see, hear, feel, smell) things that you knew were not there or that other people didn’t perceive? When you perceived it, did you realize it was not real? ",psychosis,SCOPA-PC,1,Hallucinations,0.858,expert_consensus,,
SCOPA-PC_02,"Did you perceive (see, hear) things differently then they really were (for instance a person instead of a tree, a bug instead of a crumb)? ",psychosis,SCOPA-PC,1,Hallucinations,0.776,expert_consensus,,
SCOPA-PC_03,"Were you more suspicious or jealous then you should be? (For instance were you convinced that people were having ""bad thoughts"" about you, that people were stealing from you). ",psychosis,SCOPA-PC,2,Delusions,0.855,expert_consensus,,
SAPS-PD_01,"The patient reports voices, noises, or other sounds that no one else hears.",psychosis,SAPS-PD,1,Hallucinations,0.95,expert_consensus,,
SAPS-PD_03,The patient reports hearing two or more voices conversing.,psychosis,SAPS-PD,1,Hallucinations,0.95,expert_consensus,,
SAPS-PD_04,The patient reports experiencing peculiar physical sensations in the body.,psychosis,SAPS-PD,1,Hallucinations,0.855,expert_consensus,,
SAPS-PD_06,The patient sees shapes or people that are not actually present.,psychosis,SAPS-PD,1,Hallucinations,0.95,expert_consensus,,
SAPS-PD_08,The patient believes he is being conspired against or persecuted in some way.,psychosis,SAPS-PD,2,Delusions,0.901,expert_consensus,,
SAPS-PD_09,The patient believes his spouse is having an affair with someone.,psychosis,SAPS-PD,2,Delusions,0.901,expert_consensus,,
SAPS-PD_14,The patient believes that insignificant remarks or events refer to him or have special meaning.,psychosis,SAPS-PD,2,Delusions,0.901,expert_consensus,,
PPRS_01,Visual hallucinations,psychosis,PPRS,1,Hallucinations,1.0,expert_consensus,,
PPRS_02,Illusions and Misidentification of Persons,psychosis,PPRS,1,Hallucinations,0.696,expert_consensus,,
PPRS_03,Paranoid Ideation (persecutory and/or jealous type),psychosis,PPRS,2,Delusions,0.855,expert_consensus,,
UM-PDHQ_01,Do you experience hallucinations? (Have you noticed anything unusual about your vision? Have you had any unusual visual experiences? Or ever see/hear/feel/smell/taste things that are not really there or that other people do not see?),psychosis,UM-PDHQ,1,Hallucinations,0.95,expert_consensus,,
NMSQuest_14,Said or heard things that you know are or were not there,psychosis,NMSQuest,1,Hallucinations,0.858,expert_consensus,,
NMSQuest_30,Believing things are happening to you that other people say are not true,psychosis,NMSQuest,2,Delusions,0.858,expert_consensus,,
NMSS_13,Does the patient indicate that she sees things that are not there?,psychosis,NMSS,1,Hallucinations,0.95,expert_consensus,,
NMSS_14,"Does the patient have beliefs that you know are not true? (For example, about being harmed, being robbed or being unfaithful)",psychosis,NMSS,2,Delusions,0.812,expert_consensus,,
NMSS_15,Does the patient experience double vision? (2 separate real objects and not blurred vision),psychosis,NMSS,1,Hallucinations,0.55,expert_consensus,,
NPI_A_screen,"Does the patient have beliefs that you know are not true (for example, insisting that people are trying to harmher or steal from her)? Has she said that family members are not who they say they are or that the house is not their home? ",psychosis,NPI,2,Delusions,0.95,expert_consensus,,
NPI_A_1,Does the patient believe that she is in danger ‐ that others are planning to hurt her?,psychosis,NPI,2,Delusions,0.901,expert_consensus,,
NPI_A_2,Does the patient believe that others are stealing from her?,psychosis,NPI,2,Delusions,0.901,expert_consensus,,
NPI_A_3,Does the patient believe that her spouse is having an affair?,psychosis,NPI,2,Delusions,0.901,expert_consensus,,
NPI_A_4,Does the patient believe that unwelcome guests are living in her house?,psychosis,NPI,2,Delusions,0.81,expert_consensus,,
NPI_A_5,Does the patient believe that her spouse or others are not who they claim to be?,psychosis,NPI,2,Delusions,0.901,expert_consensus,,
NPI_A_6,Does the patient believe that her house is not her home?,psychosis,NPI,2,Delusions,0.812,expert_consensus,,
NPI_A_7,Does the patient believe that family members plan to abandon her?,psychosis,NPI,2,Delusions,0.901,expert_consensus,,
NPI_A_8,Does the patient believe that television or magazine figures are actually present in the home?,psychosis,NPI,2,Delusions,0.728,expert_consensus,,
NPI_A_9,Does the patient believe any other unusual things that I haven’t asked about?,psychosis,NPI,2,Delusions,0.855,expert_consensus,,
NPI_B_screen,"Does the patient have hallucinations such as seeing false visions or hearing false voices? Does she seem to see, hear or experience things that are not present? ",psychosis,NPI,1,Hallucinations,1.0,expert_consensus,,
NPI_B_1,Does the patient describe hearing voices or act as if she hears voices?,psychosis,NPI,1,Hallucinations,1.0,expert_consensus,,
NPI_B_2,Does the patient talk to people who are not there?,psychosis,NPI,1,Hallucinations,0.812,expert_consensus,,
NPI_B_3,"Does she describe seeing things not seen by others or behave as if she is seeing things not seen by others (people, animals, lights, etc)?",psychosis,NPI,1,Hallucinations,0.95,expert_consensus,,
NPI_B_4,Does she report smelling odors not smelled by others?,psychosis,NPI,1,Hallucinations,0.95,expert_consensus,,
NPI_B_5,Does she describe feeling things on her skin or otherwise appear to be feeling things crawling or touching her?,psychosis,NPI,1,Hallucinations,0.901,expert_consensus,,
NPI_B_6,Does she describe tastes that are without any known cause?,psychosis,NPI,1,Hallucinations,0.95,expert_consensus,,
NPI_B_7,Does she describe any other unusual sensory experiences?,psychosis,NPI,1,Hallucinations,1.0,expert_consensus,,
MDS-UPDRS_1.2,"Over the past week have you seen, heard, smelled, or felt things that were not really there?",psychosis,MDS-UPDRS_I,1,Hallucinations,0.903,expert_consensus,,
ESS_01,How likely are you to nod off or fall asleep while sitting and reading?,sleep,ESS,1,Daytime sleepiness and alertness,1.0,expert_consensus,,
ESS_02,How likely are you to nod off or fall asleep while watching TV?,sleep,ESS,1,Daytime sleepiness and alertness,1.0,expert_consensus,,
ESS_03,"How likely are you to nod off or fall asleep while sitting, inactive, in a public place (e.g. in a meeting, theather, or dinner event)?",sleep,ESS,1,Daytime sleepiness and alertness,1.0,expert_consensus,,
ESS_04,How likely are you to nod off or fall asleep as a passenger in a car for an hour or more without stopping for a break?,sleep,ESS,1,Daytime sleepiness and alertness,0.939,expert_consensus,,
ESS_05,How likely are you to nod off or fall asleep while lying down to rest when circumstances permit?,sleep,ESS,1,Daytime sleepiness and alertness,0.826,expert_consensus,,
ESS_06,How likely are you to nod off or fall asleep while sitting and talking to someone?,sleep,ESS,1,Daytime sleepiness and alertness,1.0,expert_consensus,,
ESS_07,How likely are you to nod off or fall asleep while sitting quietly after a meal without alcohol?,sleep,ESS,1,Daytime sleepiness and alertness,0.939,expert_consensus,,
ESS_08,"How likely are you to nod off or fall asleep in a car, while stopped for a few minutes in traffic or at a light?",sleep,ESS,1,Daytime sleepiness and alertness,1.0,expert_consensus,,
PSQI_Comp02_1,"During the past month, how long (in minutes) has it usually take you to fall asleep each night?",sleep,PSQI,2,Nocturnal sleep disturbances,1.0,expert_consensus,,
PSQI_Comp02_2,"During the past month, how often have you had trouble sleeping because you cannot get to sleep within 30 minutes?",sleep,PSQI,2,Nocturnal sleep disturbances,1.0,expert_consensus,,
PSQI_Comp04,"During the past month, what was your habitual sleep efficiency (Calculate habitual sleep efficiency as follows: (Number of hours slept/Number of hours spent in bed) x 100 = Habitual sleep efficiency (%))",sleep,PSQI,2,Nocturnal sleep disturbances,0.883,expert_consensus,,
PSQI_Comp05_1,"During the past month, how often have you had trouble sleeping because you cannot get to sleep within 30 minutes?",sleep,PSQI,2,Nocturnal sleep disturbances,1.0,expert_consensus,,
PSQI_Comp05_2,"During the past month, how often have you had trouble sleeping because you wake up in the middle of the night or early morning?",sleep,PSQI,2,Nocturnal sleep disturbances,1.0,expert_consensus,,
PSQI_Comp05_3,"During the past month, how often have you had trouble sleeping because you have to get up to use the bathroom?",sleep,PSQI,2,Nocturnal sleep disturbances,0.939,expert_consensus,,
PSQI_Comp05_4,"During the past month, how often have you had trouble sleeping because you cannot breathe comfortably?",sleep,PSQI,4,Sleep-disordered breathing,0.826,expert_consensus,,
PSQI_Comp05_5,"During the past month, how often have you had trouble sleeping because you cough or snore loudly?",sleep,PSQI,4,Sleep-disordered breathing,0.83,expert_consensus,,
PSQI_Comp05_6,"During the past month, how often have you had trouble sleeping because you feel too cold?",sleep,PSQI,2,Nocturnal sleep disturbances,0.775,expert_consensus,,
PSQI_Comp05_7,"During the past month, how often have you had trouble sleeping because you feel too hot?",sleep,PSQI,2,Nocturnal sleep disturbances,0.83,expert_consensus,,
PSQI_Comp05_8,"During the past month, how often have you had trouble sleeping because you had bad dreams?",sleep,PSQI,3,REM sleep behavior and dreaming,0.78,expert_consensus,,
PSQI_Comp05_9,"During the past month, how often have you had trouble sleeping because you have pain?",sleep,PSQI,2,Nocturnal sleep disturbances,0.775,expert_consensus,,
PSQI_Comp05_10,"During the past month, how often have you had trouble sleeping because of other reason(s)? Please describe.",sleep,PSQI,2,Nocturnal sleep disturbances,0.608,expert_consensus,,
PSQI_Comp07_1,"During the past month, how often have you had trouble staying awake while driving, eating meals, or engaging in social activity?",sleep,PSQI,1,Daytime sleepiness and alertness,0.883,expert_consensus,,
PSQI_Comp07_2,"During the past month, how much of a problem has it been for you to keep up enough enthusiasm to get things done?",sleep,PSQI,-1,Does not fit,0.496,expert_consensus,,
RBD1Q_01,"Have you ever been told, or suspected yourself, that you seem to ‘act out your dreams’ while asleep (for example, punching, flailing your arms in the air, making running movements, etc.)?",sleep,RBD1Q,3,REM sleep behavior and dreaming,0.939,expert_consensus,,
RBDSQ_01,I sometimes have very vivid dreams.,sleep,RBDSQ,3,REM sleep behavior and dreaming,0.939,expert_consensus,,
RBDSQ_02,My dreams frequently have an aggressive or action-packed content.,sleep,RBDSQ,3,REM sleep behavior and dreaming,0.939,expert_consensus,,
RBDSQ_03,The dream contents mostly match my nocturnal behaviour.,sleep,RBDSQ,3,REM sleep behavior and dreaming,1.0,expert_consensus,,
RBDSQ_04,I know that my arms or legs move when I sleep.,sleep,RBDSQ,3,REM sleep behavior and dreaming,0.684,expert_consensus,,
RBDSQ_05,It thereby happened that I (almost) hurt my bed partner or myself.,sleep,RBDSQ,3,REM sleep behavior and dreaming,0.939,expert_consensus,,
RBDSQ_06_1,"I have or had the following phenomena during my dreams: speaking, shouting, swearing, laughing loudly",sleep,RBDSQ,3,REM sleep behavior and dreaming,1.0,expert_consensus,,
RBDSQ_06_2,"I have or had the following phenomena during my dreams: sudden limb movements, “fights”",sleep,RBDSQ,3,REM sleep behavior and dreaming,0.881,expert_consensus,,
RBDSQ_06_3,"I have or had the following phenomena during my dreams: gestures, complex movements, that are useless during sleep, e.g., to wave, to salute, to frighten mosquitoes, falls off the bed",sleep,RBDSQ,3,REM sleep behavior and dreaming,1.0,expert_consensus,,
RBDSQ_06_4,"I have or had the following phenomena during my dreams: things that fell down around the bed, e.g., bedside lamp, book, glasses",sleep,RBDSQ,3,REM sleep behavior and dreaming,0.939,expert_consensus,,
RBDSQ_07,It happens that my movements awake me.,sleep,RBDSQ,3,REM sleep behavior and dreaming,0.608,expert_consensus,,
RBDSQ_08,After awakening I mostly remember the content of my dreams well.,sleep,RBDSQ,3,REM sleep behavior and dreaming,0.826,expert_consensus,,
RBDSQ_09,My sleep is frequently disturbed.,sleep,RBDSQ,2,Nocturnal sleep disturbances,0.636,expert_consensus,,
ISI_01_1,"Please rate the current (i.e., last 2 weeks) severity of your insomnia problem(s): Difficulty falling asleep.",sleep,ISI,2,Nocturnal sleep disturbances,1.0,expert_consensus,,
ISI_01_2,"Please rate the current (i.e., last 2 weeks) severity of your insomnia problem(s): Difficulty staying asleep.",sleep,ISI,2,Nocturnal sleep disturbances,0.939,expert_consensus,,
ISI_01_3,"Please rate the current (i.e., last 2 weeks) severity of your insomnia problem(s): Problem waking up too early.",sleep,ISI,2,Nocturnal sleep disturbances,0.939,expert_consensus,,
ISI_05,"To what extent do you consider your sleep problem to interfere with your daily functioning (e.g., daytime fatigue, mood, ability to function at work/daily chores, concentration, memory, mood, etc.) currently?",sleep,ISI,1,Daytime sleepiness and alertness,0.396,expert_consensus,,
KSS_01,"How sleepy do you feel right now (i.e., during the past 5 minutes)?",sleep,KSS,1,Daytime sleepiness and alertness,1.0,expert_consensus,,
NMSQuest_09,Getting up regularly at night to pass urine,sleep,NMSQuest,2,Nocturnal sleep disturbances,0.826,expert_consensus,,
NMSQuest_15,Difficulty concentrating or staying focused,sleep,NMSQuest,1,Daytime sleepiness and alertness,0.636,expert_consensus,,
NMSQuest_22,"Finding it difficult to stay awake during activities such as working, driving or eating",sleep,NMSQuest,1,Daytime sleepiness and alertness,0.939,expert_consensus,,
NMSQuest_23,Difficulty getting to sleep at night or staying asleep at night,sleep,NMSQuest,2,Nocturnal sleep disturbances,1.0,expert_consensus,,
NMSQuest_24,"Intense, vivid dreams or frightening dreams",sleep,NMSQuest,3,REM sleep behavior and dreaming,0.883,expert_consensus,,
NMSQuest_25,Talking or moving about in your sleep as if you are 'acting' out a dream,sleep,NMSQuest,3,REM sleep behavior and dreaming,1.0,expert_consensus,,
NMSQuest_26,"Unpleasant sensation in your legs at night or while resting, and a feeling that you need to move",sleep,NMSQuest,2,Nocturnal sleep disturbances,0.553,expert_consensus,,
NMSS_03,"Does the patient doze off or fall asleep unintentionally during daytime activities? (For example, during conversation, during mealtimes, or while watching television or reading)",sleep,NMSS,1,Daytime sleepiness and alertness,1.0,expert_consensus,,
NMSS_04,Does fatigue (tiredness) or lack of energy (not slowness) limit the patient's daytime activities?,sleep,NMSS,1,Daytime sleepiness and alertness,0.644,expert_consensus,,
NMSS_05,Does the patient have difficulties falling or staying asleep?,sleep,NMSS,2,Nocturnal sleep disturbances,0.883,expert_consensus,,
NMSS_06,Does the patient experience an urge to move the legs or restlessness in legs that improves with movement when she is sitting or lying down inactive?,sleep,NMSS,2,Nocturnal sleep disturbances,0.403,expert_consensus,,
NMSS_16,"Does the patient have problems sustaining concentration during activities? (For example, reading or having a conversation)",sleep,NMSS,1,Daytime sleepiness and alertness,0.881,expert_consensus,,
NMSS_24,Does the patient have to get up regularly at night to pass urine? (Nocturia),sleep,NMSS,2,Nocturnal sleep disturbances,0.826,expert_consensus,,
PDSS_02,Do you have difficulty falling asleep each night?,sleep,PDSS,2,Nocturnal sleep disturbances,1.0,expert_consensus,,
PDSS_03,Do you have difficulty staying asleep?,sleep,PDSS,2,Nocturnal sleep disturbances,0.939,expert_consensus,,
PDSS_04,Do you have restlessness of legs or arms at night or in the evening causing disruption of sleep?,sleep,PDSS,2,Nocturnal sleep disturbances,0.489,expert_consensus,,
PDSS_05,Do you fidget in bed?,sleep,PDSS,2,Nocturnal sleep disturbances,0.472,expert_consensus,,
PDSS_06,Do you suffer from distressing dreams at night?,sleep,PDSS,3,REM sleep behavior and dreaming,0.78,expert_consensus,,
PDSS_07,Do you suffer from distressing hallucination at night (seeing or hearing things that you are told do not exist)?,sleep,PDSS,2,Nocturnal sleep disturbances,1.0,expert_reviewed,,
PDSS_08,Do you get up at night to pass urine?,sleep,PDSS,2,Nocturnal sleep disturbances,0.881,expert_consensus,,
PDSS_10,Do you experience numbness or tingling of your arms or legs which wake you from sleep at night?,sleep,PDSS,2,Nocturnal sleep disturbances,0.775,expert_consensus,,
PDSS_11,Do you have painful muscle cramps in your arms or legs whilst sleeping at night?,sleep,PDSS,2,Nocturnal sleep disturbances,0.775,expert_consensus,,
PDSS_12,Do you wake early in the morning with painful posturing of arms and legs?,sleep,PDSS,2,Nocturnal sleep disturbances,0.684,expert_consensus,,
PDSS_14,Do you feel tired and sleepy after waking in the morning?,sleep,PDSS,1,Daytime sleepiness and alertness,0.545,expert_consensus,,
PDSS_15,Have you unexpectedly fallen asleep during the day?,sleep,PDSS,1,Daytime sleepiness and alertness,0.881,expert_consensus,,
PDSS-2_02,Did you have difficulty falling asleep each night?,sleep,PDSS-2,2,Nocturnal sleep disturbances,1.0,expert_consensus,,
PDSS-2_03,Did you have difficulty staying asleep?,sleep,PDSS-2,2,Nocturnal sleep disturbances,0.883,expert_consensus,,
PDSS-2_04,Did you have restlessness of legs or arms at nights causing disruption of sleep?,sleep,PDSS-2,2,Nocturnal sleep disturbances,0.598,expert_consensus,,
PDSS-2_05,Was your sleep disturbed due to an urge to move your legs or arms?,sleep,PDSS-2,2,Nocturnal sleep disturbances,0.678,expert_consensus,,
PDSS-2_06,Did you suffer from distressing dreams at night?,sleep,PDSS-2,3,REM sleep behavior and dreaming,0.684,expert_consensus,,
PDSS-2_07,Did you suffer from distressing hallucinations at night (seeing or hearing things that you are told do not exist)?,sleep,PDSS-2,2,Nocturnal sleep disturbances,1.0,expert_reviewed,,
PDSS-2_08,Did you get up at night to pass urine?,sleep,PDSS-2,2,Nocturnal sleep disturbances,0.824,expert_consensus,,
PDSS-2_09,Did you feel uncomfortable at night because you were unable to turn around in bed or move due to immobility?,sleep,PDSS-2,2,Nocturnal sleep disturbances,0.723,expert_consensus,,
PDSS-2_10,Did you feel pain in your arms or legs which woke you up from sleep at night?,sleep,PDSS-2,2,Nocturnal sleep disturbances,0.773,expert_consensus,,
PDSS-2_11,Did you have muscle cramps in your arms or legs which woke you up whilst sleeping at night?,sleep,PDSS-2,2,Nocturnal sleep disturbances,0.773,expert_consensus,,
PDSS-2_12,Did you wake early in the morning with painful posturing of arms and legs?,sleep,PDSS-2,2,Nocturnal sleep disturbances,0.633,expert_consensus,,
PDSS-2_14,Did you feel tired and sleepy after waking in the morning?,sleep,PDSS-2,1,Daytime sleepiness and alertness,0.542,expert_consensus,,
PDSS-2_15,Did you wake up at night due to snoring or difficulties with breathing?,sleep,PDSS-2,4,Sleep-disordered breathing,0.83,expert_consensus,,
SCOPA-SLEEP_NS_01,"In the past month, have you had trouble falling asleep when you went to bed at night?",sleep,SCOPA-SLEEP,2,Nocturnal sleep disturbances,1.0,expert_consensus,,
SCOPA-SLEEP_NS_02,"In the past month, to what extent do you feel that you have woken too often?",sleep,SCOPA-SLEEP,2,Nocturnal sleep disturbances,0.939,expert_consensus,,
SCOPA-SLEEP_NS_03,"In the past month, to what extent do you feel that you have been lying awake for too long at night?",sleep,SCOPA-SLEEP,2,Nocturnal sleep disturbances,1.0,expert_consensus,,
SCOPA-SLEEP_NS_04,"In the past month, to what extent do you feel that you have woken up too early in the morning?",sleep,SCOPA-SLEEP,2,Nocturnal sleep disturbances,1.0,expert_consensus,,
SCOPA-SLEEP_NS_05,"In the past month, to what extent do you feel you have had too little sleep at night?",sleep,SCOPA-SLEEP,2,Nocturnal sleep disturbances,0.939,expert_consensus,,
SCOPA-SLEEP_DS_01,How often in the past month have you fallen asleep unexpectedly either during the day or in the evening?,sleep,SCOPA-SLEEP,1,Daytime sleepiness and alertness,1.0,expert_consensus,,
SCOPA-SLEEP_DS_02,How often in the past month have you fallen asleep while sitting peacefully?,sleep,SCOPA-SLEEP,1,Daytime sleepiness and alertness,1.0,expert_consensus,,
SCOPA-SLEEP_DS_03,How often in the past month have you fallen asleep while watching TV or reading?,sleep,SCOPA-SLEEP,1,Daytime sleepiness and alertness,1.0,expert_consensus,,
SCOPA-SLEEP_DS_04,How often in the past month have you fallen asleep while talking to someone?,sleep,SCOPA-SLEEP,1,Daytime sleepiness and alertness,1.0,expert_consensus,,
SCOPA-SLEEP_DS_05,"In the past month, have you had trouble staying awake during the day or in the evening?",sleep,SCOPA-SLEEP,1,Daytime sleepiness and alertness,1.0,expert_consensus,,
SCOPA-SLEEP_DS_06,"In the past month, have you experienced falling asleep during the day as a problem?",sleep,SCOPA-SLEEP,1,Daytime sleepiness and alertness,0.939,expert_consensus,,
MDS-UPDRS_1.7,"Over the past week, have you had trouble going to sleep at night or staying asleep through the night? Consider how rested you felt after waking up in the morning.",sleep,MDS-UPDRS_I,2,Nocturnal sleep disturbances,1.0,expert_consensus,,
MDS-UPDRS_1.8,"Over the past week, have you had trouble staying awake during the daytime?",sleep,MDS-UPDRS_I,1,Daytime sleepiness and alertness,1.0,expert_consensus,,
NPI_K_screen,"Does the patient have difficulty sleeping? Are they up at night? Do they wander at night, get dressed, or disturb your sleep?",sleep,NPI,2,Nocturnal sleep disturbances,0.939,expert_consensus,,
NPI_K_01,Does the patient have difficulty falling asleep?,sleep,NPI,2,Nocturnal sleep disturbances,1.0,expert_consensus,,
NPI_K_02,Does the patient get up during the night?,sleep,NPI,2,Nocturnal sleep disturbances,0.881,expert_consensus,,
NPI_K_03,"Does the patient wander, pace, or get involved in inappropriate activities at night?",sleep,NPI,2,Nocturnal sleep disturbances,0.451,expert_consensus,,
NPI_K_04,Does the patient awaken you during the night?,sleep,NPI,2,Nocturnal sleep disturbances,0.553,expert_consensus,,
NPI_K_05,"Does the patient wake up at night, dress, and plan to go out, thinking that it is morning and time to start the day?",sleep,NPI,2,Nocturnal sleep disturbances,0.517,expert_consensus,,
NPI_K_06,Does the patient awaken too early in the morning?,sleep,NPI,2,Nocturnal sleep disturbances,0.826,expert_consensus,,
NPI_K_07,Does the patient sleep excessively during the day?,sleep,NPI,1,Daytime sleepiness and alertness,1.0,expert_consensus,,
NPI_K_08,Does the patient have any other nighttime behaviors that bother you that we haven't talked about?,sleep,NPI,2,Nocturnal sleep disturbances,1.0,expert_reviewed,,
augmentation_dep5_01,I've been feeling more on edge than I usually do.,depression,data-augmentation,5,Anxiety & Distress,1.0,paraphrase-augmentation,2026-04-30,
augmentation_dep5_02,Do you experience a sense of dread without knowing why?,depression,data-augmentation,5,Anxiety & Distress,1.0,paraphrase-augmentation,2026-04-30,
augmentation_dep5_03,Restlessness and inability to remain still,depression,data-augmentation,5,Anxiety & Distress,1.0,paraphrase-augmentation,2026-04-30,
augmentation_dep5_04,The patient appears tense and unable to relax for no clear reason.,depression,data-augmentation,5,Anxiety & Distress,1.0,paraphrase-augmentation,2026-04-30,
augmentation_dep5_05,"fretfulness, jumpiness, agitation, edginess, apprehension, unease, irritation",depression,data-augmentation,5,Anxiety & Distress,1.0,paraphrase-augmentation,2026-04-30,
augmentation_dep5_06,"A persistent state of mental disquiet, ranging from mild apprehension to overwhelming dread or terror.",depression,data-augmentation,5,Anxiety & Distress,1.0,paraphrase-augmentation,2026-04-30,
augmentation_dep5_07,I worry so much that I have a hard time falling asleep.,depression,data-augmentation,5,Anxiety & Distress,1.0,paraphrase-augmentation,2026-04-30,
augmentation_dep5_08,I am restless when trying to sleep.,depression,data-augmentation,5,Anxiety & Distress,1.0,paraphrase-augmentation,2026-04-30,
augmentation_dep5_09,My temper has been shorter lately.,depression,data-augmentation,5,Anxiety & Distress,1.0,paraphrase-augmentation,2026-04-30,
augmentation_dep5_10,Motor symptoms: Are you fidgeting or pacing because you can't keep still?,depression,data-augmentation,5,Anxiety & Distress,1.0,paraphrase-augmentation,2026-04-30,
augmentation_dep5_11,"A sense of being confined or unable to escape, feeling trapped.",depression,data-augmentation,5,Anxiety & Distress,1.0,paraphrase-augmentation,2026-04-30,
augmentation_dep5_12,Excessive rumination over everyday matters.,depression,data-augmentation,5,Anxiety & Distress,1.0,paraphrase-augmentation,2026-04-30,
augmentation_dep5_13,I couldn't sit still or relax.,depression,data-augmentation,5,Anxiety & Distress,1.0,paraphrase-augmentation,2026-04-30,
augmentation_dep5_14,I've been snapping at the people around me.,depression,data-augmentation,5,Anxiety & Distress,1.0,paraphrase-augmentation,2026-04-30,
augmentation_dep5_15,I had concerns about physical sensations in my body.,depression,data-augmentation,5,Anxiety & Distress,1.0,paraphrase-augmentation,2026-04-30,
augmentation_dep5_16,"Does the individual seem restless, fidgety, or unable to keep calm without obvious cause?",depression,data-augmentation,5,Anxiety & Distress,1.0,paraphrase-augmentation,2026-04-30,
augmentation_sleep4_01,"In the last month, how frequently has breathing discomfort kept you from sleeping well?",sleep,data-augmentation,4,Sleep-disordered breathing,1.0,paraphrase-augmentation,2026-04-30,
augmentation_sleep4_02,"Over the past four weeks, how often did loud coughing or snoring disrupt your sleep?",sleep,data-augmentation,4,Sleep-disordered breathing,1.0,paraphrase-augmentation,2026-04-30,
augmentation_sleep4_03,Have you ever awakened during the night because of breathing problems or snoring?,sleep,data-augmentation,4,Sleep-disordered breathing,1.0,paraphrase-augmentation,2026-04-30,
augmentation_sleep4_04,"nighttime breathing pauses, loud snoring, gasping during sleep, obstructive breathing episodes",sleep,data-augmentation,4,Sleep-disordered breathing,1.0,paraphrase-augmentation,2026-04-30,
augmentation_sleep4_05,Do you ever wake up suddenly gasping or choking?,sleep,data-augmentation,4,Sleep-disordered breathing,1.0,paraphrase-augmentation,2026-04-30,
augmentation_sleep4_06,Has a bed partner or family member observed you stopping breathing while asleep?,sleep,data-augmentation,4,Sleep-disordered breathing,1.0,paraphrase-augmentation,2026-04-30,
augmentation_sleep4_07,Are you a snorer?,sleep,data-augmentation,4,Sleep-disordered breathing,1.0,paraphrase-augmentation,2026-04-30,
augmentation_sleep4_08,"Have others reported that you choke, gasp, or hold your breath while sleeping?",sleep,data-augmentation,4,Sleep-disordered breathing,1.0,paraphrase-augmentation,2026-04-30,
augmentation_sleep4_09,How many nights in the past month did breathing difficulties interfere with your sleep?,sleep,data-augmentation,4,Sleep-disordered breathing,1.0,paraphrase-augmentation,2026-04-30,
augmentation_sleep4_10,Do you experience episodes of breathlessness that wake you from sleep?,sleep,data-augmentation,4,Sleep-disordered breathing,1.0,paraphrase-augmentation,2026-04-30,
augmentation_sleep4_11,"apnea episodes, snoring, choking arousals, disrupted breathing at night",sleep,data-augmentation,4,Sleep-disordered breathing,1.0,paraphrase-augmentation,2026-04-30,
augmentation_sleep4_12,"During sleep, do you ever feel like you are suffocating or unable to get enough air?",sleep,data-augmentation,4,Sleep-disordered breathing,1.0,paraphrase-augmentation,2026-04-30,
augmentation_sleep4_13,Has anyone witnessed you making gasping or snorting noises while asleep?,sleep,data-augmentation,4,Sleep-disordered breathing,1.0,paraphrase-augmentation,2026-04-30,
augmentation_sleep4_14,Did breathing-related issues — such as snoring or shortness of breath — wake you up at night during the past week?,sleep,data-augmentation,4,Sleep-disordered breathing,1.0,paraphrase-augmentation,2026-04-30,
augmentation_sleep4_15,"Are you frequently told that your breathing sounds irregular, loud, or interrupted while you sleep?",sleep,data-augmentation,4,Sleep-disordered breathing,1.0,paraphrase-augmentation,2026-04-30,
augmentation_sleep_neg1_01,"During the past month, how would you rate your sleep quality overall?",sleep,data-augmentation,-1,Does not fit,1.0,paraphrase-augmentation,2026-05-01,
augmentation_sleep_neg1_02,"During the past month, how many hours of actual sleep did you get at night? (This may be different than the number of hours you spend in bed.)",sleep,data-augmentation,-1,Does not fit,1.0,paraphrase-augmentation,2026-05-01,
augmentation_sleep_neg1_03,"During the past month, how often have you taken medicine (prescribed or ""over the counter"") to help you sleep?",sleep,data-augmentation,-1,Does not fit,1.0,paraphrase-augmentation,2026-05-01,
augmentation_sleep_neg1_04,How satisfied/dissatisfied are you with your current sleep pattern?,sleep,data-augmentation,-1,Does not fit,1.0,paraphrase-augmentation,2026-05-01,
augmentation_sleep_neg1_05,How noticeable to others do you think your sleep problem is in terms of impairing the quality of your life?,sleep,data-augmentation,-1,Does not fit,1.0,paraphrase-augmentation,2026-05-01,
augmentation_sleep_neg1_06,How worried/distressed are you about your current sleep problem?,sleep,data-augmentation,-1,Does not fit,1.0,paraphrase-augmentation,2026-05-01,
augmentation_sleep_neg1_07,The overall quality of your night's sleep is:,sleep,data-augmentation,-1,Does not fit,1.0,paraphrase-augmentation,2026-05-01,
augmentation_sleep_neg1_08,"Overall, did you sleep well during the last week?",sleep,data-augmentation,-1,Does not fit,1.0,paraphrase-augmentation,2026-05-01,
augmentation_sleep_neg1_09,"Overall, how well have you slept at night during the past month?",sleep,data-augmentation,-1,Does not fit,1.0,paraphrase-augmentation,2026-05-01,
augmentation_sleep_neg1_10,Did you dream or think more about sex or did your sex drive increase? Did you get angry or aggressive when your desires couldn't be fulfilled?,sleep,data-augmentation,-1,Does not fit,1.0,paraphrase-augmentation,2026-05-01,
augmentation_apathy2_01,Do you find that most things leave you feeling indifferent?,apathy,data-augmentation,2,Affective apathy,1.0,paraphrase-augmentation,2026-05-01,
augmentation_apathy2_02,"Would you describe your mood as flat, neither up nor down?",apathy,data-augmentation,2,Affective apathy,1.0,paraphrase-augmentation,2026-05-01,
augmentation_apathy2_03,Good news tends to make her visibly excited.,apathy,data-augmentation,2,Affective apathy,1.0,paraphrase-augmentation,2026-05-01,
augmentation_apathy2_04,Hearing distressing news typically affects me emotionally.,apathy,data-augmentation,2,Affective apathy,1.0,paraphrase-augmentation,2026-05-01,
augmentation_apathy2_05,"Over the last fortnight, the opinions of those close to me have mattered a great deal to me.",apathy,data-augmentation,2,Affective apathy,1.0,paraphrase-augmentation,2026-05-01,
augmentation_apathy2_06,Saying something hurtful by accident would leave me feeling terrible.,apathy,data-augmentation,2,Affective apathy,1.0,paraphrase-augmentation,2026-05-01,
augmentation_apathy2_07,Learning that someone I know has fallen ill genuinely upsets me.,apathy,data-augmentation,2,Affective apathy,1.0,paraphrase-augmentation,2026-05-01,
augmentation_apathy2_08,"After being rude to someone, I tend to be consumed by guilt.",apathy,data-augmentation,2,Affective apathy,1.0,paraphrase-augmentation,2026-05-01,
augmentation_apathy2_09,"While riding in a car, train, or bus, do you take pleasure in watching the scenery pass by?",apathy,data-augmentation,2,Affective apathy,1.0,paraphrase-augmentation,2026-05-01,
augmentation_apathy2_10,Do you find yourself laughing readily at jokes or funny shows?,apathy,data-augmentation,2,Affective apathy,1.0,paraphrase-augmentation,2026-05-01,
augmentation_apathy2_11,"If something in your home breaks unexpectedly, does it cause you concern?",apathy,data-augmentation,2,Affective apathy,1.0,paraphrase-augmentation,2026-05-01,
augmentation_apathy2_12,Has the individual become detached from their friends and relatives?,apathy,data-augmentation,2,Affective apathy,1.0,paraphrase-augmentation,2026-05-01,
augmentation_apathy2_13,"In the past seven days, have you felt apathetic toward people?",apathy,data-augmentation,2,Affective apathy,1.0,paraphrase-augmentation,2026-05-01,
augmentation_apathy2_14,Thinking about spending time with loved ones feels rewarding to me.,apathy,data-augmentation,2,Affective apathy,1.0,paraphrase-augmentation,2026-05-01,
augmentation_apathy2_15,Seeing other people smile would put me in a better mood.,apathy,data-augmentation,2,Affective apathy,1.0,paraphrase-augmentation,2026-05-01,
augmentation_apathy2_16,Lying warm in bed during a cold winter's night is one of life's small pleasures.,apathy,data-augmentation,2,Affective apathy,1.0,paraphrase-augmentation,2026-05-01,
augmentation_apathy2_17,The scent of fresh flowers is something I find pleasant.,apathy,data-augmentation,2,Affective apathy,1.0,paraphrase-augmentation,2026-05-01,
augmentation_apathy2_18,The view of the ocean strikes me as beautiful.,apathy,data-augmentation,2,Affective apathy,1.0,paraphrase-augmentation,2026-05-01,
augmentation_apathy2_19,Emotional scenes on television tend to move me readily.,apathy,data-augmentation,2,Affective apathy,1.0,paraphrase-augmentation,2026-05-01,
augmentation_apathy2_20,Have you stopped caring about things that used to matter to you?,apathy,data-augmentation,2,Affective apathy,1.0,paraphrase-augmentation,2026-05-01,
augmentation_apathy2_21,Do you feel emotionally numb most of the time?,apathy,data-augmentation,2,Affective apathy,1.0,paraphrase-augmentation,2026-05-01,
augmentation_apathy2_22,Bad news from a friend would leave me feeling heavy-hearted.,apathy,data-augmentation,2,Affective apathy,1.0,paraphrase-augmentation,2026-05-01,
augmentation_apathy2_23,"Watching a sunset or a beautiful landscape, does it stir something in you?",apathy,data-augmentation,2,Affective apathy,1.0,paraphrase-augmentation,2026-05-01,
augmentation_apathy2_24,Would you say humorous moments still make you laugh out loud?,apathy,data-augmentation,2,Affective apathy,1.0,paraphrase-augmentation,2026-05-01,
augmentation_apathy2_25,Are you still capable of feeling joy when good things happen?,apathy,data-augmentation,2,Affective apathy,1.0,paraphrase-augmentation,2026-05-01,
augmentation_apathy2_26,Has the person lost the warmth they used to show toward close family?,apathy,data-augmentation,2,Affective apathy,1.0,paraphrase-augmentation,2026-05-01,
augmentation_dep_neg1_01,Does the patient show any other signs of depression?,depression,data-augmentation,-1,Does not fit,1.0,paraphrase-augmentation,2026-05-01,
augmentation_dep_neg1_02,Depression,depression,data-augmentation,-1,Does not fit,1.0,paraphrase-augmentation,2026-05-01,
augmentation_dep_neg1_03,Is the patient depressed?,depression,data-augmentation,-1,Does not fit,1.0,paraphrase-augmentation,2026-05-01,
augmentation_dep_neg1_04,How would you rate your depression?,depression,data-augmentation,-1,Does not fit,1.0,paraphrase-augmentation,2026-05-01,
augmentation_dep_neg1_05,Do you take medicine for depression symptoms?,depression,data-augmentation,-1,Does not fit,1.0,paraphrase-augmentation,2026-05-01,
augmentation_dep_neg1_06,Are you in treatment for your depression?,depression,data-augmentation,-1,Does not fit,1.0,paraphrase-augmentation,2026-05-01,
augmentation_dep_neg1_07,How is your overall quality of life?,depression,data-augmentation,-1,Does not fit,1.0,paraphrase-augmentation,2026-05-01,
augmentation_dep_neg1_08,How well did you handle your depressive symptoms during the past month?,depression,data-augmentation,-1,Does not fit,1.0,paraphrase-augmentation,2026-05-01,
augmentation_dep_neg1_09,How many hours did you think about your depression?,depression,data-augmentation,-1,Does not fit,1.0,paraphrase-augmentation,2026-05-01,
augmentation_dep_neg1_10,Are you dissatisfied with your overall quality of life?,depression,data-augmentation,-1,Does not fit,1.0,paraphrase-augmentation,2026-05-01,
augmentation_dep_neg1_11,Do your friends and family say you are depressed?,depression,data-augmentation,-1,Does not fit,1.0,paraphrase-augmentation,2026-05-01,
augmentation_psy_neg1_01,Does the patient show any other signs of psychosis?,psychosis,data-augmentation,-1,Does not fit,1.0,paraphrase-augmentation,2026-05-01,
augmentation_psy_neg1_02,Psychosis,psychosis,data-augmentation,-1,Does not fit,1.0,paraphrase-augmentation,2026-05-01,
augmentation_psy_neg1_03,Is the patient psychotic?,psychosis,data-augmentation,-1,Does not fit,1.0,paraphrase-augmentation,2026-05-01,
augmentation_psy_neg1_04,How would you rate your psychotic symptoms?,psychosis,data-augmentation,-1,Does not fit,1.0,paraphrase-augmentation,2026-05-01,
augmentation_psy_neg1_05,Do you take medication for psychosis?,psychosis,data-augmentation,-1,Does not fit,1.0,paraphrase-augmentation,2026-05-01,
augmentation_psy_neg1_06,Are you getting professional help for psychosis symptoms?,psychosis,data-augmentation,-1,Does not fit,1.0,paraphrase-augmentation,2026-05-01,
augmentation_psy_neg1_07,How is your overall quality of life?,psychosis,data-augmentation,-1,Does not fit,1.0,paraphrase-augmentation,2026-05-01,
augmentation_psy_neg1_08,How well did you handle your psychosis symptoms during the past month?,psychosis,data-augmentation,-1,Does not fit,1.0,paraphrase-augmentation,2026-05-01,
augmentation_psy_neg1_09,How many hours did you think about your psychosis?,psychosis,data-augmentation,-1,Does not fit,1.0,paraphrase-augmentation,2026-05-01,
augmentation_psy_neg1_10,Are you dissatisfied with your overall quality of life?,psychosis,data-augmentation,-1,Does not fit,1.0,paraphrase-augmentation,2026-05-01,
augmentation_psy_neg1_11,Do your friends and family say you have psychosis?,psychosis,data-augmentation,-1,Does not fit,1.0,paraphrase-augmentation,2026-05-01,
augmentation_apa_neg1_01,Does the patient show any other signs of apathy?,apathy,data-augmentation,-1,Does not fit,1.0,paraphrase-augmentation,2026-05-01,
augmentation_apa_neg1_02,Apathy,apathy,data-augmentation,-1,Does not fit,1.0,paraphrase-augmentation,2026-05-01,
augmentation_apa_neg1_03,Is the patient apathetic?,apathy,data-augmentation,-1,Does not fit,1.0,paraphrase-augmentation,2026-05-01,
augmentation_apa_neg1_04,How would you rate your level of apathy?,apathy,data-augmentation,-1,Does not fit,1.0,paraphrase-augmentation,2026-05-01,
augmentation_apa_neg1_05,Do you take medication for apathy?,apathy,data-augmentation,-1,Does not fit,1.0,paraphrase-augmentation,2026-05-01,
augmentation_apa_neg1_06,Do you receive professional treatment for apathy symptoms?,apathy,data-augmentation,-1,Does not fit,1.0,paraphrase-augmentation,2026-05-01,
augmentation_apa_neg1_07,How is your overall quality of life?,apathy,data-augmentation,-1,Does not fit,1.0,paraphrase-augmentation,2026-05-01,
augmentation_apa_neg1_08,How well did you handle your apathy symptoms during the past month?,apathy,data-augmentation,-1,Does not fit,1.0,paraphrase-augmentation,2026-05-01,
augmentation_apa_neg1_09,How many hours did you think about your apathy?,apathy,data-augmentation,-1,Does not fit,1.0,paraphrase-augmentation,2026-05-01,
augmentation_apa_neg1_10,Are you dissatisfied with your overall quality of life?,apathy,data-augmentation,-1,Does not fit,1.0,paraphrase-augmentation,2026-05-01,
augmentation_apa_neg1_11,Do your friends and family say you are apathetic?,apathy,data-augmentation,-1,Does not fit,1.0,paraphrase-augmentation,2026-05-01,
augmentation_anx_neg1_01,Anxiety,anxiety,data-augmentation,-1,Does not fit,1.0,paraphrase-augmentation,2026-05-01,
augmentation_anx_neg1_02,Is the patient anxious?,anxiety,data-augmentation,-1,Does not fit,1.0,paraphrase-augmentation,2026-05-01,
augmentation_anx_neg1_03,How would you rate your level of anxiety?,anxiety,data-augmentation,-1,Does not fit,1.0,paraphrase-augmentation,2026-05-01,
augmentation_anx_neg1_04,Do you take medication for anxiety?,anxiety,data-augmentation,-1,Does not fit,1.0,paraphrase-augmentation,2026-05-01,
augmentation_anx_neg1_05,Do you receive professional treatment for anxiety symptoms?,anxiety,data-augmentation,-1,Does not fit,1.0,paraphrase-augmentation,2026-05-01,
augmentation_anx_neg1_06,How is your overall quality of life?,anxiety,data-augmentation,-1,Does not fit,1.0,paraphrase-augmentation,2026-05-01,
augmentation_anx_neg1_07,How well did you handle your anxiety symptoms during the past month?,anxiety,data-augmentation,-1,Does not fit,1.0,paraphrase-augmentation,2026-05-01,
augmentation_anx_neg1_08,How many hours did you think about your anxiety?,anxiety,data-augmentation,-1,Does not fit,1.0,paraphrase-augmentation,2026-05-01,
augmentation_anx_neg1_09,Are you dissatisfied with your overall quality of life?,anxiety,data-augmentation,-1,Does not fit,1.0,paraphrase-augmentation,2026-05-01,
augmentation_anx_neg1_10,Do your friends and family say you have anxiety?,anxiety,data-augmentation,-1,Does not fit,1.0,paraphrase-augmentation,2026-05-01,
MADRS_01,"Apparent sadness: Despondency, gloom, and despair (more than just ordinary transient low spirits), r...",depression,MADRS,1,Mood & affective symptoms,0.536,expert_consensus,2026-06-04T14:02:32,
MADRS_02,"Reported sadness: Reports of depressed mood, regardless of whether it is reflected in appearance or ...",depression,MADRS,1,Mood & affective symptoms,0.784,expert_consensus,2026-06-04T14:02:32,
MADRS_03,"Inner tension: Feelings of ill-defined discomfort, edginess, inner turmoil, mental tension mounting ...",depression,MADRS,5,Anxiety & distress,0.693,expert_consensus,2026-06-04T14:02:32,
MADRS_04,Reduced sleep: Experience of reduced duration or depth of sleep compared to the patient's own normal...,depression,MADRS,3,Somatic & vegetative symptoms,0.889,expert_consensus,2026-06-04T14:02:32,
MADRS_05,Reduced appetite: Feeling of loss of appetite; rate by loss of desire for food or the need to force ...,depression,MADRS,3,Somatic & vegetative symptoms,0.889,expert_consensus,2026-06-04T14:02:32,
MADRS_06,Concentration difficulty: Difficulties in collecting one’s thoughts mounting to incapacitating lack ...,depression,MADRS,2,Cognitive & self-perception,0.634,expert_consensus,2026-06-04T14:02:32,
MADRS_07,Lassitude: Difficulty getting started or slowness initiating and performing everyday activities.,depression,MADRS,4,Activity & interest deficits,0.608,expert_consensus,2026-06-04T14:02:32,
MADRS_08,Inability to feel: Subjective experience of reduced interest in the surroundings or activities that ...,depression,MADRS,1,Mood & affective symptoms,0.327,expert_consensus,2026-06-04T14:02:32,
MADRS_09,"Pessimistic thoughts: Thoughts of guilt, inferiority, self reproach, sinfulness, remorse, and ruin.",depression,MADRS,2,Cognitive & self-perception,0.458,expert_consensus,2026-06-04T14:02:32,
MADRS_10,"Suicidal thoughts: Feeling that life is not worth living, that a natural death would be welcome, sui...",depression,MADRS,1,Mood & affective symptoms,0.608,expert_consensus,2026-06-04T14:02:32,
PHQ-9_01,Little interest or pleasure in doing things.,depression,PHQ-9,4,Activity & interest deficits,0.9,expert_consensus,2026-06-04T14:02:32,
PHQ-9_02,"Feeling down, depressed, or hopeless.",depression,PHQ-9,1,Mood & affective symptoms,0.811,expert_consensus,2026-06-04T14:02:32,
PHQ-9_03,"Trouble falling or staying asleep, or sleeping too much.",depression,PHQ-9,3,Somatic & vegetative symptoms,0.9,expert_consensus,2026-06-04T14:02:32,
PHQ-9_04,Feeling tired or having little energy.,depression,PHQ-9,3,Somatic & vegetative symptoms,0.458,expert_consensus,2026-06-04T14:02:32,
PHQ-9_05,Poor appetite or overeating.,depression,PHQ-9,3,Somatic & vegetative symptoms,0.9,expert_consensus,2026-06-04T14:02:32,
PHQ-9_06,Feeling bad about yourself – or that you are a failure or have let yourself or your family down.,depression,PHQ-9,2,Cognitive & self-perception,1.0,expert_consensus,2026-06-04T14:02:32,
PHQ-9_07,"Trouble concentrating on things, such as reading the newspaper or watching television.",depression,PHQ-9,2,Cognitive & self-perception,0.374,expert_consensus,2026-06-04T14:02:32,
PHQ-9_08,Moving or speaking so slowly that other people could have noticed? Or the opposite – being so fidget...,depression,PHQ-9,3,Somatic & vegetative symptoms,0.205,expert_consensus,2026-06-04T14:02:32,
PHQ-9_09,Thoughts that you would be better off dead or of hurting yourself in some way.,depression,PHQ-9,1,Mood & affective symptoms,0.532,expert_consensus,2026-06-04T14:02:32,
SDS_01,"I feel downhearted, blue, and sad.",depression,SDS,1,Mood & affective symptoms,1.0,expert_consensus,2026-06-04T14:02:32,
SDS_02,Morning is when I feel the best.,depression,SDS,1,Mood & affective symptoms,0.458,expert_consensus,2026-06-04T14:02:32,
SDS_03,I have crying speIls or feel like it.,depression,SDS,1,Mood & affective symptoms,1.0,expert_consensus,2026-06-04T14:02:32,
SDS_04,I have trouble sleeping through the night.,depression,SDS,3,Somatic & vegetative symptoms,1.0,expert_consensus,2026-06-04T14:02:32,
SDS_05,I eat as much as I used to.,depression,SDS,3,Somatic & vegetative symptoms,0.784,expert_consensus,2026-06-04T14:02:32,
SDS_06,"I enjoy looking at, talking to, and being with attractive women/men.",depression,SDS,4,Activity & interest deficits,0.601,expert_consensus,2026-06-04T14:02:32,
SDS_07,I notice that I am losing weight.,depression,SDS,3,Somatic & vegetative symptoms,1.0,expert_consensus,2026-06-04T14:02:32,
SDS_08,I have trouble with constipation.,depression,SDS,3,Somatic & vegetative symptoms,1.0,expert_consensus,2026-06-04T14:02:32,
SDS_09,My heart beats faster than usual.,depression,SDS,3,Somatic & vegetative symptoms,0.458,expert_consensus,2026-06-04T14:02:32,
SDS_10,I get tired for no reason.,depression,SDS,3,Somatic & vegetative symptoms,0.471,expert_consensus,2026-06-04T14:02:32,
SDS_11,My mind is as clear as it used to be.,depression,SDS,2,Cognitive & self-perception,0.693,expert_consensus,2026-06-04T14:02:32,
SDS_12,I find it easy to do the things I used to.,depression,SDS,4,Activity & interest deficits,0.693,expert_consensus,2026-06-04T14:02:32,
SDS_13,I am restless and can't sleep.,depression,SDS,5,Anxiety & distress,0.431,expert_consensus,2026-06-04T14:02:32,
SDS_14,I feel hopeful about the future.,depression,SDS,2,Cognitive & self-perception,0.392,expert_consensus,2026-06-04T14:02:32,
SDS_15,I am more irritable than usual.,depression,SDS,5,Anxiety & distress,0.392,expert_consensus,2026-06-04T14:02:32,
SDS_16,I find it easy to make decisions.,depression,SDS,2,Cognitive & self-perception,0.575,expert_consensus,2026-06-04T14:02:32,
SDS_17,I feel that I am useful and needed.,depression,SDS,2,Cognitive & self-perception,0.693,expert_consensus,2026-06-04T14:02:32,
SDS_18,My life is pretty full.,depression,SDS,2,Cognitive & self-perception,0.373,expert_consensus,2026-06-04T14:02:32,
SDS_19,I feel that others would be better off if I were dead.,depression,SDS,2,Cognitive & self-perception,1.0,expert_reviewed,2026-06-04T14:02:32,
SDS_20,I still enjoy the things I used to do.,depression,SDS,4,Activity & interest deficits,0.536,expert_consensus,2026-06-04T14:02:32,
DSI_01,Depressed mood: Have you been feeling sad or depressed lately?,depression,DSI,1,Mood & affective symptoms,1.0,expert_consensus,2026-06-04T14:02:32,
DSI_02,Diurnal variation: Is there any part ofthe day when you feel worst? How do you feel most mornings?,depression,DSI,1,Mood & affective symptoms,0.281,expert_consensus,2026-06-04T14:02:32,
DSI_03,Crying spells Do you have crying spells or feel like it?,depression,DSI,1,Mood & affective symptoms,1.0,expert_consensus,2026-06-04T14:02:32,
DSI_04,Sleep disturbance: How have you been sleeping?,depression,DSI,3,Somatic & vegetative symptoms,0.889,expert_consensus,2026-06-04T14:02:32,
DSI_05,Decreased appetite: How is your appetite?,depression,DSI,3,Somatic & vegetative symptoms,0.889,expert_consensus,2026-06-04T14:02:32,
DSI_06,Weight loss: Have you lost any weight?,depression,DSI,3,Somatic & vegetative symptoms,1.0,expert_consensus,2026-06-04T14:02:32,
DSI_07,"Decreased libido: Has there been any recent change in your interest in sex? Do you enjoy looking, ta...",depression,DSI,4,Activity & interest deficits,0.477,expert_consensus,2026-06-04T14:02:32,
DSI_08,Constipation: Do you have trouble with constipation?,depression,DSI,3,Somatic & vegetative symptoms,1.0,expert_consensus,2026-06-04T14:02:32,
DSI_09,Tachycardia: Have you had times when your heart was beating faster than usual?,depression,DSI,3,Somatic & vegetative symptoms,0.634,expert_consensus,2026-06-04T14:02:32,
DSI_10,Fatigue: How easily do you get tired?,depression,DSI,3,Somatic & vegetative symptoms,0.614,expert_consensus,2026-06-04T14:02:32,
DSI_11,Psychomotor: Do you feel slowed down in doing retardation the things you usually do?,depression,DSI,3,Somatic & vegetative symptoms,1.0,expert_reviewed,2026-06-04T14:02:32,
DSI_12,Confusion Do you ever feel confused and have trouble thinking?,depression,DSI,2,Cognitive & self-perception,0.784,expert_consensus,2026-06-04T14:02:32,
DSI_13,Psychomotor: Do you find yourself restless and agitation can't sit still?,depression,DSI,5,Anxiety & distress,0.693,expert_consensus,2026-06-04T14:02:32,
DSI_14,Irritability: How easily do you get irritated?,depression,DSI,5,Anxiety & distress,0.418,expert_consensus,2026-06-04T14:02:32,
DSI_15,Indecisiveness: How are you at making decisions?,depression,DSI,2,Cognitive & self-perception,0.601,expert_consensus,2026-06-04T14:02:32,
DSI_16,Hopelessness: How hopeful do you feel about the future?,depression,DSI,2,Cognitive & self-perception,1.0,expert_reviewed,2026-06-04T14:02:32,
DSI_17,Personal: Do you ever feel useless and not devaluation wanted?,depression,DSI,2,Cognitive & self-perception,0.608,expert_consensus,2026-06-04T14:02:32,
DSI_18,Emptiness: Do you feel life is empty for you?,depression,DSI,2,Cognitive & self-perception,0.301,expert_consensus,2026-06-04T14:02:32,
DSI_19,Dissatisfaction: Do you still enjoy the things you used to?,depression,DSI,4,Activity & interest deficits,0.614,expert_consensus,2026-06-04T14:02:32,
DSI_20,Suicidal: Do you feel others would be better ruminations off if you were dead?,depression,DSI,1,Mood & affective symptoms,0.608,expert_consensus,2026-06-04T14:02:32,
SCL-90_05,Loss of sexual interest or pleasure.,depression,SCL-90,4,Activity & interest deficits,0.532,expert_consensus,2026-06-04T14:02:32,
SCL-90_14,Feeling low in energy or slowed down.,depression,SCL-90,3,Somatic & vegetative symptoms,0.437,expert_consensus,2026-06-04T14:02:32,
SCL-90_20,Crying easily.,depression,SCL-90,1,Mood & affective symptoms,0.637,expert_consensus,2026-06-04T14:02:32,
SCL-90_22,Feeling of being trapped or caught.,depression,SCL-90,5,Anxiety & distress,0.384,expert_consensus,2026-06-04T14:02:32,
SCL-90_26,Blaming yourself for things.,depression,SCL-90,2,Cognitive & self-perception,0.805,expert_consensus,2026-06-04T14:02:32,
SCL-90_29,Feeling lonely.,depression,SCL-90,1,Mood & affective symptoms,0.574,expert_consensus,2026-06-04T14:02:32,
SCL-90_30,Feeling blue.,depression,SCL-90,1,Mood & affective symptoms,1.0,expert_consensus,2026-06-04T14:02:32,
SCL-90_31,Worrying too much about things.,depression,SCL-90,5,Anxiety & distress,0.584,expert_consensus,2026-06-04T14:02:32,
SCL-90_32,Feeling no interest in things.,depression,SCL-90,4,Activity & interest deficits,0.9,expert_consensus,2026-06-04T14:02:32,
SCL-90_54,Feeling hopeless about the future.,depression,SCL-90,2,Cognitive & self-perception,0.663,expert_consensus,2026-06-04T14:02:32,
SCL-90_71,Feeling everything is an effort.,depression,SCL-90,4,Activity & interest deficits,0.395,expert_consensus,2026-06-04T14:02:32,
SCL-90_79,Feelings of worthlessness.,depression,SCL-90,2,Cognitive & self-perception,0.811,expert_consensus,2026-06-04T14:02:32,
MFQ_01,I felt miserable or unhappy.,depression,MFQ,1,Mood & affective symptoms,1.0,expert_consensus,2026-06-04T14:02:32,
MFQ_02,I didn’t enjoy anything at all.,depression,MFQ,4,Activity & interest deficits,0.811,expert_consensus,2026-06-04T14:02:32,
MFQ_03,I was less hungry than usual.,depression,MFQ,3,Somatic & vegetative symptoms,0.9,expert_consensus,2026-06-04T14:02:32,
MFQ_04,I ate more than usual.,depression,MFQ,3,Somatic & vegetative symptoms,0.9,expert_consensus,2026-06-04T14:02:32,
MFQ_05,I felt so tired I just sat around and did nothing.,depression,MFQ,3,Somatic & vegetative symptoms,0.437,expert_consensus,2026-06-04T14:02:32,
MFQ_06,I was moving and walking more slowly than usual.,depression,MFQ,3,Somatic & vegetative symptoms,0.237,expert_consensus,2026-06-04T14:02:32,
MFQ_07,I was very restless.,depression,MFQ,5,Anxiety & distress,0.805,expert_consensus,2026-06-04T14:02:32,
MFQ_08,I felt I was no good anymore.,depression,MFQ,2,Cognitive & self-perception,0.811,expert_consensus,2026-06-04T14:02:32,
MFQ_09,I blamed myself for things that weren’t my fault.,depression,MFQ,2,Cognitive & self-perception,1.0,expert_consensus,2026-06-04T14:02:32,
MFQ_10,It was hard for me to make up my mind.,depression,MFQ,2,Cognitive & self-perception,0.3,expert_consensus,2026-06-04T14:02:32,
MFQ_11,I felt grumpy and cross with other people.,depression,MFQ,5,Anxiety & distress,0.384,expert_consensus,2026-06-04T14:02:32,
MFQ_12,I felt like talking less than usual.,depression,MFQ,4,Activity & interest deficits,0.632,expert_consensus,2026-06-04T14:02:32,
MFQ_13,I was talking more slowly than usual.,depression,MFQ,3,Somatic & vegetative symptoms,0.337,expert_consensus,2026-06-04T14:02:32,
MFQ_14,I cried a lot.,depression,MFQ,1,Mood & affective symptoms,0.637,expert_consensus,2026-06-04T14:02:32,
MFQ_15,I thought there was nothing good for me in the future.,depression,MFQ,2,Cognitive & self-perception,1.0,expert_consensus,2026-06-04T14:02:32,
MFQ_16,I thought that life wasn’t worth living.,depression,MFQ,2,Cognitive & self-perception,1.0,expert_reviewed,2026-06-04T14:02:32,
MFQ_17,I thought about death or dying.,depression,MFQ,1,Mood & affective symptoms,0.811,expert_consensus,2026-06-04T14:02:32,
MFQ_18,I thought my family would be better off without me.,depression,MFQ,2,Cognitive & self-perception,0.558,expert_consensus,2026-06-04T14:02:32,
MFQ_19,I thought about killing myself.,depression,MFQ,1,Mood & affective symptoms,0.811,expert_consensus,2026-06-04T14:02:32,
MFQ_20,I didn’t want to see my friends.,depression,MFQ,4,Activity & interest deficits,0.811,expert_consensus,2026-06-04T14:02:32,
MFQ_21,I found it hard to think properly or concentrate.,depression,MFQ,2,Cognitive & self-perception,0.411,expert_consensus,2026-06-04T14:02:32,
MFQ_22,I thought bad things would happen to me.,depression,MFQ,2,Cognitive & self-perception,0.405,expert_consensus,2026-06-04T14:02:32,
MFQ_23,I hated myself.,depression,MFQ,2,Cognitive & self-perception,0.732,expert_consensus,2026-06-04T14:02:32,
MFQ_24,I felt I was a bad person.,depression,MFQ,2,Cognitive & self-perception,0.811,expert_consensus,2026-06-04T14:02:32,
MFQ_25,I thought I looked ugly.,depression,MFQ,2,Cognitive & self-perception,0.9,expert_consensus,2026-06-04T14:02:32,
MFQ_26,I worried about aches and pains.,depression,MFQ,5,Anxiety & distress,0.584,expert_consensus,2026-06-04T14:02:32,
MFQ_27,I felt lonely.,depression,MFQ,1,Mood & affective symptoms,0.405,expert_consensus,2026-06-04T14:02:32,
MFQ_28,I thought nobody really loved me.,depression,MFQ,2,Cognitive & self-perception,0.9,expert_consensus,2026-06-04T14:02:32,
MFQ_29,I didn’t have any fun in any of my activities.,depression,MFQ,4,Activity & interest deficits,0.811,expert_consensus,2026-06-04T14:02:32,
MFQ_30,I thought I could never be as good as other people.,depression,MFQ,2,Cognitive & self-perception,1.0,expert_consensus,2026-06-04T14:02:32,
MFQ_31,I did everything wrong.,depression,MFQ,2,Cognitive & self-perception,1.0,expert_consensus,2026-06-04T14:02:32,
MFQ_32,I didn’t sleep as well as I usually sleep.,depression,MFQ,3,Somatic & vegetative symptoms,0.805,expert_consensus,2026-06-04T14:02:32,
MFQ_33,I slept a lot more than usual.,depression,MFQ,3,Somatic & vegetative symptoms,0.805,expert_consensus,2026-06-04T14:02:32,
GAD-7_01,"Feeling nervous, anxious, or on edge.",anxiety,GAD-7,2,Cognitive symptoms,0.497,expert_consensus,2026-06-04T14:02:32,
GAD-7_02,Not being able to stop or control worrying.,anxiety,GAD-7,2,Cognitive symptoms,1.0,expert_consensus,2026-06-04T14:02:32,
GAD-7_03,Worrying too much about different things.,anxiety,GAD-7,2,Cognitive symptoms,1.0,expert_consensus,2026-06-04T14:02:32,
GAD-7_04,Trouble relaxing.,anxiety,GAD-7,1,Somatic symptoms,0.575,expert_consensus,2026-06-04T14:02:32,
GAD-7_05,Being so restless that it is hard to sit still.,anxiety,GAD-7,1,Somatic symptoms,1.0,expert_consensus,2026-06-04T14:02:32,
GAD-7_06,Becoming easily annoyed or irritable.,anxiety,GAD-7,2,Cognitive symptoms,0.614,expert_consensus,2026-06-04T14:02:32,
GAD-7_07,"Feeling afraid, as if something awful might happen.",anxiety,GAD-7,2,Cognitive symptoms,0.791,expert_consensus,2026-06-04T14:02:32,
PSWQ_01,"If I don’t have enough time to do everything, I don’t worry about it.",anxiety,PSWQ,2,Cognitive symptoms,1.0,expert_consensus,2026-06-04T14:02:32,
PSWQ_02,My worries overwhelm me.,anxiety,PSWQ,2,Cognitive symptoms,0.889,expert_consensus,2026-06-04T14:02:32,
PSWQ_03,I do not tend to worry about things.,anxiety,PSWQ,2,Cognitive symptoms,1.0,expert_consensus,2026-06-04T14:02:32,
PSWQ_04,Many situations make me worry.,anxiety,PSWQ,2,Cognitive symptoms,1.0,expert_consensus,2026-06-04T14:02:32,
PSWQ_05,"I know I shouldn’t worry about things, but I just cannot help it.",anxiety,PSWQ,2,Cognitive symptoms,1.0,expert_consensus,2026-06-04T14:02:32,
PSWQ_06,When I am under pressure I worry a lot.,anxiety,PSWQ,2,Cognitive symptoms,1.0,expert_consensus,2026-06-04T14:02:32,
PSWQ_07,I am always worrying about something.,anxiety,PSWQ,2,Cognitive symptoms,1.0,expert_consensus,2026-06-04T14:02:32,
PSWQ_08,I find it easy to dismiss worrisome thoughts.,anxiety,PSWQ,2,Cognitive symptoms,1.0,expert_consensus,2026-06-04T14:02:32,
PSWQ_09,"As soon as I finish one task, I start to worry about everything else I have to do.",anxiety,PSWQ,2,Cognitive symptoms,1.0,expert_consensus,2026-06-04T14:02:32,
PSWQ_10,I never worry about anything.,anxiety,PSWQ,2,Cognitive symptoms,0.889,expert_consensus,2026-06-04T14:02:32,
PSWQ_11,"When there is nothing more I can do about a concern, I don’t worry about it anymore.",anxiety,PSWQ,2,Cognitive symptoms,0.889,expert_consensus,2026-06-04T14:02:32,
PSWQ_12,I’ve been a worrier all my life.,anxiety,PSWQ,2,Cognitive symptoms,1.0,expert_consensus,2026-06-04T14:02:32,
PSWQ_13,I notice that I have been worrying about things.,anxiety,PSWQ,2,Cognitive symptoms,1.0,expert_consensus,2026-06-04T14:02:32,
PSWQ_14,"Once I start worrying, I can’t stop.",anxiety,PSWQ,2,Cognitive symptoms,0.889,expert_consensus,2026-06-04T14:02:32,
PSWQ_15,I worry all the time.,anxiety,PSWQ,2,Cognitive symptoms,1.0,expert_consensus,2026-06-04T14:02:32,
PSWQ_16,I worry about projects until they are done.,anxiety,PSWQ,2,Cognitive symptoms,1.0,expert_consensus,2026-06-04T14:02:32,
SMGAD_01,"I have felt moments of sudden terror, fear, or fright.",anxiety,SMGAD,2,Cognitive symptoms,0.497,expert_consensus,2026-06-04T14:02:32,
SMGAD_02,"I have felt anxious, worried, or nervous.",anxiety,SMGAD,2,Cognitive symptoms,0.634,expert_consensus,2026-06-04T14:02:32,
SMGAD_03,"I have had thoughts of bad things happening, such as family tragedy, ill health, loss of a job, or a...",anxiety,SMGAD,2,Cognitive symptoms,1.0,expert_consensus,2026-06-04T14:02:32,
SMGAD_04,"I have felt a racing heart, sweaty, trouble breathing, faint, or shaky.",anxiety,SMGAD,1,Somatic symptoms,1.0,expert_consensus,2026-06-04T14:02:32,
SMGAD_05,"I have felt tense muscles, felt on edge or restless, or had trouble relaxing or trouble sleeping.",anxiety,SMGAD,1,Somatic symptoms,1.0,expert_consensus,2026-06-04T14:02:32,
SMGAD_06,"I have avoided, or did not approach or enter, situations about which I worry.",anxiety,SMGAD,2,Cognitive symptoms,0.791,expert_consensus,2026-06-04T14:02:32,
SMGAD_07,I have left situations early or participated only minimally due to worries.,anxiety,SMGAD,2,Cognitive symptoms,0.889,expert_consensus,2026-06-04T14:02:32,
SMGAD_08,"I have spent lots of time making decisions, putting off making decisions, or preparing for situation...",anxiety,SMGAD,2,Cognitive symptoms,0.889,expert_consensus,2026-06-04T14:02:32,
SMGAD_09,I have sought reassurance from others due to worries.,anxiety,SMGAD,2,Cognitive symptoms,0.889,expert_consensus,2026-06-04T14:02:32,
SMGAD_10,"I have needed help to cope with anxiety (e.g., alcohol or medication, superstitious objects, or othe...",anxiety,SMGAD,2,Cognitive symptoms,0.32,expert_consensus,2026-06-04T14:02:32,
ASensI_01,It is important not to appear nervous.,anxiety,ASensI,2,Cognitive symptoms,0.805,expert_consensus,2026-06-04T14:02:32,
ASensI_02,"When I cannot keep my mind on a task, I worry that I might be going crazy.",anxiety,ASensI,2,Cognitive symptoms,1.0,expert_consensus,2026-06-04T14:02:32,
ASensI_03,It scares me when I feel shaky.,anxiety,ASensI,1,Somatic symptoms,0.521,expert_consensus,2026-06-04T14:02:32,
ASensI_04,It scares me when I feel faint.,anxiety,ASensI,1,Somatic symptoms,0.521,expert_consensus,2026-06-04T14:02:32,
ASensI_05,It is important to me to stay in control of my emotions.,anxiety,ASensI,2,Cognitive symptoms,0.9,expert_consensus,2026-06-04T14:02:32,
ASensI_06,It scares me when I my heart beat rapidly.,anxiety,ASensI,1,Somatic symptoms,0.521,expert_consensus,2026-06-04T14:02:32,
ASensI_07,It embarrasses me when my stomach growls.,anxiety,ASensI,1,Somatic symptoms,0.495,expert_consensus,2026-06-04T14:02:32,
ASensI_08,It scares me when I am nauseous (sick stomach).,anxiety,ASensI,1,Somatic symptoms,0.521,expert_consensus,2026-06-04T14:02:32,
ASensI_09,"When I notice my heart beating rapidly, I worry that I might be having a heart attack.",anxiety,ASensI,2,Cognitive symptoms,1.0,expert_reviewed,2026-06-04T14:02:32,
ASensI_10,It scares me when I become short of breath.,anxiety,ASensI,1,Somatic symptoms,0.521,expert_consensus,2026-06-04T14:02:32,
ASensI_11,"When my stomach is upset, I worry that I might be seriously ill.",anxiety,ASensI,2,Cognitive symptoms,0.479,expert_consensus,2026-06-04T14:02:32,
ASensI_12,It scares me when I am unable to keep my mind on a task.,anxiety,ASensI,2,Cognitive symptoms,0.9,expert_consensus,2026-06-04T14:02:32,
ASensI_13,Other people notice when I feel shaky.,anxiety,ASensI,2,Cognitive symptoms,0.495,expert_consensus,2026-06-04T14:02:32,
ASensI_14,Unusual body sensations scare me.,anxiety,ASensI,1,Somatic symptoms,0.479,expert_consensus,2026-06-04T14:02:32,
ASensI_15,"When I am nervous, I worry that I might be mentally ill.",anxiety,ASensI,2,Cognitive symptoms,1.0,expert_consensus,2026-06-04T14:02:32,
ASensI_16,It scares me when I am nervous.,anxiety,ASensI,2,Cognitive symptoms,0.9,expert_consensus,2026-06-04T14:02:32,
SCL-90_13,Feeling afraid in open spaces or on the streets.,anxiety,SCL-90,2,Cognitive symptoms,0.721,expert_consensus,2026-06-04T14:02:32,
SCL-90_17,Trembling.,anxiety,SCL-90,1,Somatic symptoms,0.9,expert_consensus,2026-06-04T14:02:32,
SCL-90_23,Suddenly scared for no reason.,anxiety,SCL-90,2,Cognitive symptoms,0.721,expert_consensus,2026-06-04T14:02:32,
SCL-90_25,Feeling afraid to go out of your house alone.,anxiety,SCL-90,2,Cognitive symptoms,0.9,expert_consensus,2026-06-04T14:02:32,
SCL-90_33,Feeling fearful.,anxiety,SCL-90,2,Cognitive symptoms,0.642,expert_consensus,2026-06-04T14:02:32,
SCL-90_39,Heart pounding or racing.,anxiety,SCL-90,1,Somatic symptoms,1.0,expert_consensus,2026-06-04T14:02:32,
SCL-90_47,"Feeling afraid to travel on buses, subways, trains.",anxiety,SCL-90,2,Cognitive symptoms,0.732,expert_consensus,2026-06-04T14:02:32,
SCL-90_50,"Having to avoid certain things, places, or activities because they frighten you.",anxiety,SCL-90,2,Cognitive symptoms,0.805,expert_consensus,2026-06-04T14:02:32,
SCL-90_57,Feeling tense or keyed up.,anxiety,SCL-90,1,Somatic symptoms,0.458,expert_consensus,2026-06-04T14:02:32,
SCL-90_70,"Feeling uneasy in crowds, such as shopping or at a movie.",anxiety,SCL-90,2,Cognitive symptoms,0.663,expert_consensus,2026-06-04T14:02:32,
SCL-90_72,Spells of terror or panic.,anxiety,SCL-90,2,Cognitive symptoms,0.521,expert_consensus,2026-06-04T14:02:32,
SCL-90_75,Feeling nervous when you are left alone.,anxiety,SCL-90,2,Cognitive symptoms,0.663,expert_consensus,2026-06-04T14:02:32,
SCL-90_78,Feeling so restless you couldn’t sit still.,anxiety,SCL-90,1,Somatic symptoms,0.732,expert_consensus,2026-06-04T14:02:32,
SCL-90_80,Feeling that familiar things are strange or unreal.,anxiety,SCL-90,2,Cognitive symptoms,0.9,expert_consensus,2026-06-04T14:02:32,
SCL-90_82,Feeling afraid you will faint in public.,anxiety,SCL-90,2,Cognitive symptoms,0.521,expert_consensus,2026-06-04T14:02:32,
SCL-90_86,Feeling pushed to get things done.,anxiety,SCL-90,2,Cognitive symptoms,1.0,expert_consensus,2026-06-04T14:02:32,
DAS_01,I need a bit of encouragement to get things started.,apathy,DAS,1,Behavioral-Cognitive apathy,0.9,expert_consensus,2026-06-04T14:02:32,
DAS_02,I contact my friends.,apathy,DAS,1,Behavioral-Cognitive apathy,0.458,expert_consensus,2026-06-04T14:02:32,
DAS_03,I express my emotions.,apathy,DAS,2,Affective apathy,0.805,expert_consensus,2026-06-04T14:02:32,
DAS_04,I think of new things to do during the day.,apathy,DAS,1,Behavioral-Cognitive apathy,0.9,expert_consensus,2026-06-04T14:02:32,
DAS_05,I am concerned about how my family feel.,apathy,DAS,2,Affective apathy,0.732,expert_consensus,2026-06-04T14:02:32,
DAS_06,I find myself staring in to space.,apathy,DAS,2,Affective apathy,0.405,expert_consensus,2026-06-04T14:02:32,
DAS_07,Before I do something I think about how others would feel about it.,apathy,DAS,2,Affective apathy,0.458,expert_consensus,2026-06-04T14:02:32,
DAS_08,I plan my days activities in advance.,apathy,DAS,1,Behavioral-Cognitive apathy,0.9,expert_consensus,2026-06-04T14:02:32,
DAS_09,When I receive bad news I feel bad about it.,apathy,DAS,2,Affective apathy,0.9,expert_consensus,2026-06-04T14:02:32,
DAS_10,I am able to focus on a task until it is finished.,apathy,DAS,1,Behavioral-Cognitive apathy,0.9,expert_consensus,2026-06-04T14:02:32,
DAS_11,I lack motivation.,apathy,DAS,1,Behavioral-Cognitive apathy,0.663,expert_consensus,2026-06-04T14:02:32,
DAS_12,I struggle to empathise with other people.,apathy,DAS,2,Affective apathy,0.811,expert_consensus,2026-06-04T14:02:32,
DAS_13,I set goals for myself.,apathy,DAS,1,Behavioral-Cognitive apathy,0.9,expert_consensus,2026-06-04T14:02:32,
DAS_14,I try new things.,apathy,DAS,1,Behavioral-Cognitive apathy,0.9,expert_consensus,2026-06-04T14:02:32,
DAS_15,I am unconcerned about how others feel about my behaviour.,apathy,DAS,2,Affective apathy,0.721,expert_consensus,2026-06-04T14:02:32,
DAS_16,I act on things I have thought about during the day.,apathy,DAS,1,Behavioral-Cognitive apathy,0.9,expert_consensus,2026-06-04T14:02:32,
DAS_17,"When doing a demanding task, I have difficulty working out what I have to do.",apathy,DAS,1,Behavioral-Cognitive apathy,1.0,expert_consensus,2026-06-04T14:02:32,
DAS_18,I keep myself busy.,apathy,DAS,1,Behavioral-Cognitive apathy,0.9,expert_consensus,2026-06-04T14:02:32,
DAS_19,I get easily confused when doing several things at once.,apathy,DAS,1,Behavioral-Cognitive apathy,0.721,expert_consensus,2026-06-04T14:02:32,
DAS_20,I become emotional easily when watching something happy or sad on TV.,apathy,DAS,2,Affective apathy,0.9,expert_consensus,2026-06-04T14:02:32,
DAS_21,I find it difficult to keep my mind on things.,apathy,DAS,1,Behavioral-Cognitive apathy,1.0,expert_consensus,2026-06-04T14:02:32,
DAS_22,I am spontaneous.,apathy,DAS,1,Behavioral-Cognitive apathy,0.516,expert_consensus,2026-06-04T14:02:32,
DAS_23,I am easily distracted.,apathy,DAS,1,Behavioral-Cognitive apathy,0.721,expert_consensus,2026-06-04T14:02:32,
DAS_24,I feel indifferent to what is going on around me.,apathy,DAS,2,Affective apathy,0.663,expert_consensus,2026-06-04T14:02:32,
SHAPS_01,I would enjoy my favourite television or radio programme.,apathy,SHAPS,2,Affective apathy,0.477,expert_consensus,2026-06-04T14:02:32,
SHAPS_02,I would enjoy being with my family or close friends.,apathy,SHAPS,2,Affective apathy,0.706,expert_consensus,2026-06-04T14:02:32,
SHAPS_03,I would find pleasure in my hobbies and pastimes.,apathy,SHAPS,2,Affective apathy,0.477,expert_consensus,2026-06-04T14:02:32,
SHAPS_04,I would be able to enjoy my favourite meal.,apathy,SHAPS,2,Affective apathy,0.529,expert_consensus,2026-06-04T14:02:32,
SHAPS_05,I would enjoy a warm bath or refreshing shower.,apathy,SHAPS,2,Affective apathy,0.497,expert_consensus,2026-06-04T14:02:32,
SHAPS_06,I would find pleasure in the scent of flowers or the smell of a fresh sea breeze or freshly baked br...,apathy,SHAPS,2,Affective apathy,0.634,expert_consensus,2026-06-04T14:02:32,
SHAPS_07,I would enjoy seeing other people's smiling faces.,apathy,SHAPS,2,Affective apathy,0.791,expert_consensus,2026-06-04T14:02:32,
SHAPS_08,I would enjoy looking smart when I have made an effort with my appearance.,apathy,SHAPS,1,Behavioral-Cognitive apathy,0.471,expert_consensus,2026-06-04T14:02:32,
SHAPS_09,"I would enjoy reading a book, magazine or newspaper.",apathy,SHAPS,1,Behavioral-Cognitive apathy,0.471,expert_consensus,2026-06-04T14:02:32,
SHAPS_10,I would enjoy a cup of tea or coffee or my favorite drink.,apathy,SHAPS,2,Affective apathy,0.529,expert_consensus,2026-06-04T14:02:32,
SHAPS_11,"I would find pleasure in small things, e.g. bright sunny day, a telephone call from a friend.",apathy,SHAPS,2,Affective apathy,0.575,expert_consensus,2026-06-04T14:02:32,
SHAPS_12,I would be able to enjoy a beautiful landscape or view.,apathy,SHAPS,2,Affective apathy,0.575,expert_consensus,2026-06-04T14:02:32,
SHAPS_13,I would get pleasure from helping others.,apathy,SHAPS,2,Affective apathy,0.477,expert_consensus,2026-06-04T14:02:32,
SHAPS_14,I would feel pleasure when I receive praise from other people.,apathy,SHAPS,2,Affective apathy,0.497,expert_consensus,2026-06-04T14:02:32,
TEPS_01,"When something exciting is coming up in my life, I really look forward to it.",apathy,TEPS,1,Behavioral-Cognitive apathy,0.634,expert_consensus,2026-06-04T14:02:32,
TEPS_02,The sound of crackling wood in the fireplace is very relaxing.,apathy,TEPS,2,Affective apathy,0.549,expert_consensus,2026-06-04T14:02:32,
TEPS_03,"When I think about eating my favorite food, I can almost taste how good it is.",apathy,TEPS,2,Affective apathy,0.497,expert_consensus,2026-06-04T14:02:32,
TEPS_04,I love the sound of rain on the windows when I’m lying in my warm bed.,apathy,TEPS,2,Affective apathy,0.634,expert_consensus,2026-06-04T14:02:32,
TEPS_05,The smell of freshly cut grass is enjoyable to me.,apathy,TEPS,2,Affective apathy,0.634,expert_consensus,2026-06-04T14:02:32,
TEPS_06,I enjoy taking a deep breath of fresh air when I walk outside.,apathy,TEPS,2,Affective apathy,0.575,expert_consensus,2026-06-04T14:02:32,
TEPS_07,I don’t look forward to things like eating out at restaurants.,apathy,TEPS,1,Behavioral-Cognitive apathy,0.529,expert_consensus,2026-06-04T14:02:32,
TEPS_08,A hot cup of coffee or tea on a cold morning is very satisfying to me.,apathy,TEPS,2,Affective apathy,0.575,expert_consensus,2026-06-04T14:02:32,
TEPS_09,I love it when people play with my hair.,apathy,TEPS,2,Affective apathy,0.706,expert_consensus,2026-06-04T14:02:32,
TEPS_10,I really enjoy the feeling of a good yawn.,apathy,TEPS,2,Affective apathy,0.549,expert_consensus,2026-06-04T14:02:32,
TEPS_11,"When I’m on my way to an amusement park, I can hardly wait to ride the roller coasters.",apathy,TEPS,1,Behavioral-Cognitive apathy,0.549,expert_consensus,2026-06-04T14:02:32,
TEPS_12,I get so excited the night before a major holiday I can hardly sleep.,apathy,TEPS,1,Behavioral-Cognitive apathy,0.458,expert_consensus,2026-06-04T14:02:32,
TEPS_13,I appreciate the beauty of a fresh snowfall.,apathy,TEPS,2,Affective apathy,0.634,expert_consensus,2026-06-04T14:02:32,
TEPS_14,"When I think of something tasty, like a chocolate chip cookie, I have to have one.",apathy,TEPS,1,Behavioral-Cognitive apathy,0.497,expert_consensus,2026-06-04T14:02:32,
TEPS_15,Looking forward to a pleasurable experience is in itself pleasurable.,apathy,TEPS,2,Affective apathy,1.0,expert_reviewed,2026-06-04T14:02:32,
TEPS_16,I look forward to a lot of things in my life.,apathy,TEPS,1,Behavioral-Cognitive apathy,0.575,expert_consensus,2026-06-04T14:02:32,
TEPS_17,"When ordering something off the menu, I imagine how good it will taste.",apathy,TEPS,2,Affective apathy,1.0,expert_reviewed,2026-06-04T14:02:32,
TEPS_18,"When I hear about a new movie starring my favorite actor, I can’t wait to see it.",apathy,TEPS,1,Behavioral-Cognitive apathy,0.634,expert_consensus,2026-06-04T14:02:32,
ASBPD_05.1,Are you as active?,apathy,ASBPD,1,Behavioral-Cognitive apathy,1.0,expert_consensus,2026-06-04T14:02:32,
ASBPD_05.2,Do you find it difficult to start new activities or to maintain them?,apathy,ASBPD,1,Behavioral-Cognitive apathy,1.0,expert_consensus,2026-06-04T14:02:32,
ASBPD_05.3,Do you spontaneously do things without others?,apathy,ASBPD,1,Behavioral-Cognitive apathy,0.9,expert_consensus,2026-06-04T14:02:32,
ASBPD_05.4,Do you feel motivated?,apathy,ASBPD,1,Behavioral-Cognitive apathy,0.605,expert_consensus,2026-06-04T14:02:32,
ASBPD_05.5,Do you feel interested in starting new activities in order to acquire new knowledge?,apathy,ASBPD,1,Behavioral-Cognitive apathy,0.663,expert_consensus,2026-06-04T14:02:32,
ASBPD_05.6,Are you as curious?,apathy,ASBPD,1,Behavioral-Cognitive apathy,0.732,expert_consensus,2026-06-04T14:02:32,
ASBPD_05.7,Do you express yourself as much when you are with others?,apathy,ASBPD,2,Affective apathy,0.521,expert_consensus,2026-06-04T14:02:32,
ASBPD_05.8,"When something positive occurs, are you as happy now as in the past?",apathy,ASBPD,2,Affective apathy,1.0,expert_consensus,2026-06-04T14:02:32,
ASBPD_05.9,Are you as enthusiastic as in the past?,apathy,ASBPD,2,Affective apathy,0.805,expert_consensus,2026-06-04T14:02:32,
ASBPD_05.10,Do you experience the same amount of pleasure in doing things?,apathy,ASBPD,2,Affective apathy,0.9,expert_consensus,2026-06-04T14:02:32,
ASBPD_05.11,Do you still have as much desire to do things?,apathy,ASBPD,2,Affective apathy,0.663,expert_consensus,2026-06-04T14:02:32,
ASBPD_05.12,"Prior to the past month, have you had similar episodes of decreased enthusiasm, pleasure or desire f...",apathy,ASBPD,2,Affective apathy,0.574,expert_consensus,2026-06-04T14:02:32,
QUIP-C_A.1_1,"Do you or others think you have an issue with too much gambling (such as casinos, internet gambling,...",impulse_control,QUIP-C,1,Pathological gambling,1.0,expert_consensus,2026-06-04T14:02:32,
QUIP-C_A.1_2,"Do you or others think you have an issue with too much sex (such as making sexual demands on others,...",impulse_control,QUIP-C,2,Hypersexuality,1.0,expert_consensus,2026-06-04T14:02:32,
QUIP-C_A.1_3,Do you or others think you have an issue with too much buying (such as too much of the same thing or...,impulse_control,QUIP-C,3,Compulsive buying,1.0,expert_consensus,2026-06-04T14:02:32,
QUIP-C_A.1_4,Do you or others think you have an issue with eating behaviors (such as eating larger amounts or dif...,impulse_control,QUIP-C,4,Compulsive eating,1.0,expert_consensus,2026-06-04T14:02:32,
QUIP-C_A.2_1,Do you think too much about gambling (such as having trouble keeping thoughts out of your mind or fe...,impulse_control,QUIP-C,1,Pathological gambling,1.0,expert_consensus,2026-06-04T14:02:32,
QUIP-C_A.2_2,Do you think too much about sex (such as having trouble keeping thoughts out of your mind or feeling...,impulse_control,QUIP-C,2,Hypersexuality,1.0,expert_consensus,2026-06-04T14:02:32,
QUIP-C_A.2_3,Do you think too much about buying (such as having trouble keeping thoughts out of your mind or feel...,impulse_control,QUIP-C,3,Compulsive buying,1.0,expert_consensus,2026-06-04T14:02:32,
QUIP-C_A.2_4,Do you think too much about eating (such as having trouble keeping thoughts out of your mind or feel...,impulse_control,QUIP-C,4,Compulsive eating,1.0,expert_consensus,2026-06-04T14:02:32,
QUIP-C_A.3_1,Do you have urges or desires for gambling that you feel are excessive or cause you distress (includi...,impulse_control,QUIP-C,1,Pathological gambling,1.0,expert_consensus,2026-06-04T14:02:32,
QUIP-C_A.3_2,Do you have urges or desires for sex that you feel are excessive or cause you distress (including be...,impulse_control,QUIP-C,2,Hypersexuality,1.0,expert_consensus,2026-06-04T14:02:32,
QUIP-C_A.3_3,Do you have urges or desires for buying that you feel are excessive or cause you distress (including...,impulse_control,QUIP-C,3,Compulsive buying,1.0,expert_consensus,2026-06-04T14:02:32,
QUIP-C_A.3_4,Do you have urges or desires for eating that you feel are excessive or cause you distress (including...,impulse_control,QUIP-C,4,Compulsive eating,1.0,expert_consensus,2026-06-04T14:02:32,
QUIP-C_A.4_1,"Do you have difficulty controlling gambling (such as increasing them over time, or having trouble cu...",impulse_control,QUIP-C,1,Pathological gambling,0.9,expert_consensus,2026-06-04T14:02:32,
QUIP-C_A.4_2,"Do you have difficulty controlling sex (such as increasing them over time, or having trouble cutting...",impulse_control,QUIP-C,2,Hypersexuality,0.9,expert_consensus,2026-06-04T14:02:32,
QUIP-C_A.4_3,"Do you have difficulty controlling buying (such as increasing them over time, or having trouble cutt...",impulse_control,QUIP-C,3,Compulsive buying,1.0,expert_consensus,2026-06-04T14:02:32,
QUIP-C_A.4_4,"Do you have difficulty controlling eating (such as increasing them over time, or having trouble cutt...",impulse_control,QUIP-C,4,Compulsive eating,1.0,expert_consensus,2026-06-04T14:02:32,
QUIP-C_A.5_1,"Do you engage in activities specifically to continue gambling (such as hiding what you are doing, ly...",impulse_control,QUIP-C,1,Pathological gambling,1.0,expert_consensus,2026-06-04T14:02:32,
QUIP-C_A.5_2,"Do you engage in activities specifically to continue sex (such as hiding what you are doing, lying, ...",impulse_control,QUIP-C,2,Hypersexuality,1.0,expert_consensus,2026-06-04T14:02:32,
QUIP-C_A.5_3,"Do you engage in activities specifically to continue buying (such as hiding what you are doing, lyin...",impulse_control,QUIP-C,3,Compulsive buying,1.0,expert_consensus,2026-06-04T14:02:32,
QUIP-C_A.5_4,"Do you engage in activities specifically to continue eating (such as hiding what you are doing, lyin...",impulse_control,QUIP-C,4,Compulsive eating,1.0,expert_consensus,2026-06-04T14:02:32,
QUIP-C_B.1_A,"Do you or others think that you spend too much time on specific tasks, hobbies or other organized ac...",impulse_control,QUIP-C,5,Punding-hobbyism,1.0,expert_consensus,2026-06-04T14:02:32,
QUIP-C_B.1_B,Do you or others think that you spend too much time repeating certain simple motor activities (such ...,impulse_control,QUIP-C,5,Punding-hobbyism,0.9,expert_consensus,2026-06-04T14:02:32,
QUIP-C_B.1_C,Do you or others think that you spend too much time walking or driving with no intended goal or spec...,impulse_control,QUIP-C,5,Punding-hobbyism,0.663,expert_consensus,2026-06-04T14:02:32,
QUIP-C_B.2,Do you or others think you have difficulty controlling the amount of time spent on these activities?,impulse_control,QUIP-C,5,Punding-hobbyism,0.389,expert_consensus,2026-06-04T14:02:32,
QUIP-C_B.3,"Do these activities interfere with daily functioning, or cause relationship or work difficulties?",impulse_control,QUIP-C,-1,Does not fit,0.495,expert_consensus,2026-06-04T14:02:32,
QUIP-C_C.1,Do you or others (including your physicians) think that you consistently take too much of your Parki...,impulse_control,QUIP-C,6,Dopamine dysregulation syndrome,0.9,expert_consensus,2026-06-04T14:02:32,
QUIP-C_C.2,"Have you over time increased on your own, without medical advice, your overall intake of Parkinson’s...",impulse_control,QUIP-C,6,Dopamine dysregulation syndrome,1.0,expert_consensus,2026-06-04T14:02:32,
QUIP-C_C.3,"Have you over time increased on your own, without medical advice, your overall intake of Parkinson's...",impulse_control,QUIP-C,6,Dopamine dysregulation syndrome,1.0,expert_consensus,2026-06-04T14:02:32,
QUIP-C_C.4,Do you have difficulty controlling your use of Parkinson’s medications (such as experiencing a stron...,impulse_control,QUIP-C,6,Dopamine dysregulation syndrome,1.0,expert_consensus,2026-06-04T14:02:32,
QUIP-C_C.5,Do you hoard or hide your Parkinson's medications to increase the overall dosage?,impulse_control,QUIP-C,6,Dopamine dysregulation syndrome,0.9,expert_consensus,2026-06-04T14:02:32,
AIS_01,Sleep induction (time it takes you to fall asleep after turning-off the lights).,sleep,AIS,2,Nocturnal sleep disturbances,0.857,expert_consensus,2026-06-04T14:02:32,
AIS_02,Awakenings during the night.,sleep,AIS,2,Nocturnal sleep disturbances,1.0,expert_consensus,2026-06-04T14:02:32,
AIS_03,Final awakening earlier than desired.,sleep,AIS,2,Nocturnal sleep disturbances,1.0,expert_consensus,2026-06-04T14:02:32,
AIS_04,Total sleep duration.,sleep,AIS,2,Nocturnal sleep disturbances,0.725,expert_consensus,2026-06-04T14:02:32,
AIS_05,Overall quality of sleep (no matter how long you slept).,sleep,AIS,2,Nocturnal sleep disturbances,0.527,expert_consensus,2026-06-04T14:02:32,
AIS_06,Sense of well-being during the day.,sleep,AIS,1,Daytime sleepiness and alertness,0.857,expert_consensus,2026-06-04T14:02:32,
AIS_07,Functioning (physical and mental) during the day.,sleep,AIS,1,Daytime sleepiness and alertness,0.857,expert_consensus,2026-06-04T14:02:32,
AIS_08,Sleepiness during the day.,sleep,AIS,1,Daytime sleepiness and alertness,0.857,expert_consensus,2026-06-04T14:02:32,
MSQ_01,"Have you ever been told that you seem to ""act out your dreams"" while sleeping (punched or fleiled ar...",sleep,MSQ,3,REM sleep behavior and dreaming,1.0,expert_consensus,2026-06-04T14:02:32,
MSQ_01.b,"Have you ever been injured from acting out your dreams (bruises, cuts, broken bones)?",sleep,MSQ,3,REM sleep behavior and dreaming,1.0,expert_consensus,2026-06-04T14:02:32,
MSQ_01.c,"Has a bedpartner ever been injured from acting out your dreams (bruises, blows, pulled hair)?",sleep,MSQ,3,REM sleep behavior and dreaming,1.0,expert_consensus,2026-06-04T14:02:32,
MSQ_01.d,"Have you had dreams of being chased or attacked, or that involve defending yourself?",sleep,MSQ,3,REM sleep behavior and dreaming,0.736,expert_consensus,2026-06-04T14:02:32,
MSQ_01.e,Have you been told that you make movements while sleeping that seem to match the details of your dre...,sleep,MSQ,3,REM sleep behavior and dreaming,1.0,expert_consensus,2026-06-04T14:02:32,
MSQ_02,Have you been told that your legs repeatedly jerk or twitch during sleep (not just when falling asle...,sleep,MSQ,2,Nocturnal sleep disturbances,0.33,expert_consensus,2026-06-04T14:02:32,
MSQ_03,"Does a restless, nervous, tingly, or creepy-crawly feeling in your legs make it hard to fall or stay...",sleep,MSQ,2,Nocturnal sleep disturbances,0.725,expert_consensus,2026-06-04T14:02:32,
MSQ_03.a,Do you experience an irresistible urge to move the legs at those times?,sleep,MSQ,2,Nocturnal sleep disturbances,0.615,expert_consensus,2026-06-04T14:02:32,
MSQ_03.b,Do the uncomfortable leg sensations decrease when you move them or when you walk around?,sleep,MSQ,2,Nocturnal sleep disturbances,0.418,expert_consensus,2026-06-04T14:02:32,
MSQ_03.c,When do these uncomfortable leg sensations seem to be worse?,sleep,MSQ,2,Nocturnal sleep disturbances,0.462,expert_consensus,2026-06-04T14:02:32,
MSQ_04,Have you ever walked around the bedroom or house in your sleep?,sleep,MSQ,2,Nocturnal sleep disturbances,0.637,expert_consensus,2026-06-04T14:02:32,
MSQ_05,Have you ever snorted or choked yourself awake?,sleep,MSQ,4,Sleep-disordered breathing,1.0,expert_consensus,2026-06-04T14:02:32,
MSQ_06,Have you ever been told that you stop breathing in your sleep?,sleep,MSQ,4,Sleep-disordered breathing,1.0,expert_consensus,2026-06-04T14:02:32,
MSQ_06.a,"Are you currently being treated for stop breathing in your sleep (e.g., CPAP)?",sleep,MSQ,4,Sleep-disordered breathing,1.0,expert_consensus,2026-06-04T14:02:32,
MSQ_07,"Do you experience leg cramps at night (e.g., also called a ""charlie horse"" with intense pain in cert...",sleep,MSQ,2,Nocturnal sleep disturbances,0.857,expert_consensus,2026-06-04T14:02:32,
SDQ_01,Do you have trouble falling asleep?,sleep,SDQ,2,Nocturnal sleep disturbances,0.857,expert_consensus,2026-06-04T14:02:32,
SDQ_02,Do you have trouble staying asleep?,sleep,SDQ,2,Nocturnal sleep disturbances,1.0,expert_consensus,2026-06-04T14:02:32,
SDQ_03,Do you take anything to help you sleep?,sleep,SDQ,2,Nocturnal sleep disturbances,0.736,expert_consensus,2026-06-04T14:02:32,
SDQ_04,Do you use alcohol to help you sleep?,sleep,SDQ,2,Nocturnal sleep disturbances,0.637,expert_consensus,2026-06-04T14:02:32,
SDQ_05,Do you have any medical conditions that disrupt your sleep?,sleep,SDQ,2,Nocturnal sleep disturbances,0.462,expert_consensus,2026-06-04T14:02:32,
SDQ_06,Have you lost interest in hobbies or activities?,sleep,SDQ,-1,Does not fit,0.56,expert_consensus,2026-06-04T14:02:32,
SDQ_07,"Do you feel sad, irritable, or hopeless?",sleep,SDQ,-1,Does not fit,0.637,expert_consensus,2026-06-04T14:02:32,
SDQ_08,Do you feel nervous or worried?,sleep,SDQ,-1,Does not fit,0.56,expert_consensus,2026-06-04T14:02:32,
SDQ_09,Do you think something is wrong with your body?,sleep,SDQ,-1,Does not fit,0.736,expert_consensus,2026-06-04T14:02:32,
SDQ_10,Are you a shift worker or is your sleep schedule irregular?,sleep,SDQ,-1,Does not fit,1.0,expert_reviewed,2026-06-04T14:02:32,
SDQ_11,Are your legs restless and/or uncomfortable before bed?,sleep,SDQ,2,Nocturnal sleep disturbances,0.462,expert_consensus,2026-06-04T14:02:32,
SDQ_12,Have you been told that you are restless or that you kick your legs in your sleep?,sleep,SDQ,2,Nocturnal sleep disturbances,0.615,expert_consensus,2026-06-04T14:02:32,
SDQ_13,Do you have any unusual behaviours or movements during sleep?,sleep,SDQ,3,REM sleep behavior and dreaming,0.637,expert_consensus,2026-06-04T14:02:32,
SDQ_14,Do you snore?,sleep,SDQ,4,Sleep-disordered breathing,1.0,expert_consensus,2026-06-04T14:02:32,
SDQ_15,"Has anyone said that you stop breathing, gasp, snort, or choke in your sleep?",sleep,SDQ,4,Sleep-disordered breathing,1.0,expert_consensus,2026-06-04T14:02:32,
SDQ_16,Do you have difficulty staying awake during the day?,sleep,SDQ,1,Daytime sleepiness and alertness,1.0,expert_consensus,2026-06-04T14:02:32,
ASBPD-III_03.1,Do you sleep less than usual?,sleep,ASBPD,2,Nocturnal sleep disturbances,1.0,expert_consensus,2026-06-04T14:02:32,
ASBPD-III_03.2,Do you have trouble falling asleep?,sleep,ASBPD,2,Nocturnal sleep disturbances,0.857,expert_consensus,2026-06-04T14:02:32,
ASBPD-III_03.3,Do you wake up too early in the morning?,sleep,ASBPD,2,Nocturnal sleep disturbances,1.0,expert_consensus,2026-06-04T14:02:32,
ASBPD-III_03.4,Do you wake up during the night? How many times?,sleep,ASBPD,2,Nocturnal sleep disturbances,1.0,expert_consensus,2026-06-04T14:02:32,
ASBPD-III_03.5,Do you manage to fall asleep again?,sleep,ASBPD,2,Nocturnal sleep disturbances,1.0,expert_consensus,2026-06-04T14:02:32,
ASBPD-III_03.6,Do you feel refreshed in the morning when you wake up?,sleep,ASBPD,1,Daytime sleepiness and alertness,0.462,expert_consensus,2026-06-04T14:02:32,
ASBPD-III_03.7,Do you have nightmares or act out your dreams during your sleep?,sleep,ASBPD,3,REM sleep behavior and dreaming,1.0,expert_consensus,2026-06-04T14:02:32,
ASBPD-III_03.8,Do you experience any hallucinations before falling asleep or when you wake up?,sleep,ASBPD,2,Nocturnal sleep disturbances,0.44,expert_consensus,2026-06-04T14:02:32,
ASBPD-III_04.1,Do you fall asleep more easily than usual in situations such as after mealtimes or while watching TV...,sleep,ASBPD,1,Daytime sleepiness and alertness,1.0,expert_consensus,2026-06-04T14:02:32,
ASBPD-III_04.2,Do you fall asleep if you are not doing anything or when you are on your own?,sleep,ASBPD,1,Daytime sleepiness and alertness,1.0,expert_consensus,2026-06-04T14:02:32,
ASBPD-III_04.3,"Do you fall asleep in unusual situations (during a conversation, while driving or at mealtimes)?",sleep,ASBPD,1,Daytime sleepiness and alertness,1.0,expert_consensus,2026-06-04T14:02:32,
ASBPD-III_04.4,Do you experience falling asleep during the day unintentionally regularly?,sleep,ASBPD,1,Daytime sleepiness and alertness,1.0,expert_consensus,2026-06-04T14:02:32,
ASBPD-III_04.5,"Has falling asleep during the day caused/had dangerous consequences in your daily life (accidents, m...",sleep,ASBPD,1,Daytime sleepiness and alertness,1.0,expert_consensus,2026-06-04T14:02:32,
ASBPD-III_04.6,Does falling asleep during the day affect the way you carry out your daily activities and have an im...,sleep,ASBPD,1,Daytime sleepiness and alertness,1.0,expert_consensus,2026-06-04T14:02:32,
ASBPD-III_04.7,"Prior to this past month, have you experienced similar difficulties with falling asleep during the d...",sleep,ASBPD,1,Daytime sleepiness and alertness,0.736,expert_consensus,2026-06-04T14:02:32,
CAPE-P15_01,Have you ever felt as if people seem to drop hints about you or say things with a double meaning?,psychosis,CAPE-P15,2,Delusions,0.791,expert_consensus,2026-06-04T14:02:32,
CAPE-P15_02,Have you ever felt as if some people are not what they seem to be?,psychosis,CAPE-P15,2,Delusions,0.791,expert_consensus,2026-06-04T14:02:32,
CAPE-P15_03,Have you ever felt that you are being persecuted in any way?,psychosis,CAPE-P15,2,Delusions,0.889,expert_consensus,2026-06-04T14:02:32,
CAPE-P15_04,Have you ever felt as if there is a conspiracy against you?,psychosis,CAPE-P15,2,Delusions,1.0,expert_consensus,2026-06-04T14:02:32,
CAPE-P15_05,Have you ever felt that people look at you oddly because of your appearance?,psychosis,CAPE-P15,2,Delusions,0.889,expert_consensus,2026-06-04T14:02:32,
CAPE-P15_06,Have you ever felt as if electrical devices such as computers can influence the way you think?,psychosis,CAPE-P15,2,Delusions,0.889,expert_consensus,2026-06-04T14:02:32,
CAPE-P15_07,Have you ever felt as if the thoughts in your head are being taken away from you?,psychosis,CAPE-P15,2,Delusions,0.791,expert_consensus,2026-06-04T14:02:32,
CAPE-P15_08,Have you ever felt as if the thoughts in your head are not your own?,psychosis,CAPE-P15,2,Delusions,0.693,expert_consensus,2026-06-04T14:02:32,
CAPE-P15_09,Have your thoughts ever been so vivid that you were worried other people would hear them?,psychosis,CAPE-P15,2,Delusions,0.614,expert_consensus,2026-06-04T14:02:32,
CAPE-P15_10,Have you ever heard your thoughts being echoed back at you?,psychosis,CAPE-P15,1,Hallucinations,0.431,expert_consensus,2026-06-04T14:02:32,
CAPE-P15_11,Have you ever felt as if you are under the control of some force or power other than yourself?,psychosis,CAPE-P15,2,Delusions,0.889,expert_consensus,2026-06-04T14:02:32,
CAPE-P15_12,"Have you ever felt as if a double has taken place of a family member, friend or acquaintance?",psychosis,CAPE-P15,2,Delusions,0.706,expert_consensus,2026-06-04T14:02:32,
CAPE-P15_13,Have you ever heard voices when you are alone?,psychosis,CAPE-P15,1,Hallucinations,1.0,expert_consensus,2026-06-04T14:02:32,
CAPE-P15_14,Have you ever heard voices talking to each other when you are alone?,psychosis,CAPE-P15,1,Hallucinations,1.0,expert_consensus,2026-06-04T14:02:32,
CAPE-P15_15,"Have you ever seen objects, people or animals that other people can't see?",psychosis,CAPE-P15,1,Hallucinations,1.0,expert_consensus,2026-06-04T14:02:32,
PQ-B_01,"Do familiar surroundings sometimes seem strange, confusing, threatening or unreal to you?",psychosis,PQ-B,1,Hallucinations,0.379,expert_consensus,2026-06-04T14:02:32,
PQ-B_02,"Have you heard unusual sounds like banging, clicking, hissing, clapping or ringing in your ears?",psychosis,PQ-B,1,Hallucinations,1.0,expert_consensus,2026-06-04T14:02:32,
PQ-B_03,"Do things that you see appear different from the way they usually do (brighter or duller, larger or ...",psychosis,PQ-B,1,Hallucinations,0.889,expert_consensus,2026-06-04T14:02:32,
PQ-B_04,"Have you had experiences with telepathy, psychic forces, or fortune telling?",psychosis,PQ-B,-1,Does not fit,1.0,expert_reviewed,2026-06-04T14:02:32,
PQ-B_05,Have you felt that you are not in control of your own ideas or thoughts?,psychosis,PQ-B,2,Delusions,0.549,expert_consensus,2026-06-04T14:02:32,
PQ-B_06,"Do you have difficulty getting your point across, because you ramble or go off the track a lot when ...",psychosis,PQ-B,-1,Does not fit,0.784,expert_consensus,2026-06-04T14:02:32,
PQ-B_07,Do you have strong feelings or beliefs about being unusually gifted or talented in some way?,psychosis,PQ-B,2,Delusions,0.784,expert_consensus,2026-06-04T14:02:32,
PQ-B_08,Do you feel that other people are watching you or talking about you?,psychosis,PQ-B,2,Delusions,0.889,expert_consensus,2026-06-04T14:02:32,
PQ-B_09,"Do you sometimes get strange feelings on or just beneath your skin, like bugs crawling?",psychosis,PQ-B,1,Hallucinations,0.706,expert_consensus,2026-06-04T14:02:32,
PQ-B_10,Do you sometimes feel suddenly distracted by distant sounds that you are not normally aware of?,psychosis,PQ-B,1,Hallucinations,0.791,expert_consensus,2026-06-04T14:02:32,
PQ-B_11,"Have you had the sense that some person or force is around you, although you couldn’t see anyone?",psychosis,PQ-B,1,Hallucinations,0.418,expert_consensus,2026-06-04T14:02:32,
PQ-B_12,Do you worry at times that something may be wrong with your mind?,psychosis,PQ-B,-1,Does not fit,0.399,expert_consensus,2026-06-04T14:02:32,
PQ-B_13,"Have you ever felt that you don't exist, the world does not exist, or that you are dead?",psychosis,PQ-B,2,Delusions,0.693,expert_consensus,2026-06-04T14:02:32,
PQ-B_14,Have you been confused at times whether something you experienced was real or imaginary?,psychosis,PQ-B,1,Hallucinations,0.497,expert_consensus,2026-06-04T14:02:32,
PQ-B_15,Do you hold beliefs that other people would find unusual or bizarre?,psychosis,PQ-B,2,Delusions,0.693,expert_consensus,2026-06-04T14:02:32,
PQ-B_16,"Do you feel that parts of your body have changed in some way, or that parts of your body are working...",psychosis,PQ-B,2,Delusions,0.458,expert_consensus,2026-06-04T14:02:32,
PQ-B_17,Are your thoughts sometimes so strong that you can almost hear them?,psychosis,PQ-B,1,Hallucinations,0.431,expert_consensus,2026-06-04T14:02:32,
PQ-B_18,Do you find yourself feeling mistrustful or suspicious of other people?,psychosis,PQ-B,2,Delusions,0.784,expert_consensus,2026-06-04T14:02:32,
PQ-B_19,"Have you seen unusual things like flashes, flames, blinding light, or geometric figures?",psychosis,PQ-B,1,Hallucinations,1.0,expert_consensus,2026-06-04T14:02:32,
PQ-B_20,Have you seen things that other people can't see or don't seem to see?,psychosis,PQ-B,1,Hallucinations,1.0,expert_consensus,2026-06-04T14:02:32,
PQ-B_21,Do people sometimes find it hard to understand what you are saying?,psychosis,PQ-B,-1,Does not fit,0.693,expert_consensus,2026-06-04T14:02:32,
SCL-90_07,The idea that someone else can control your thoughts.,psychosis,SCL-90,2,Delusions,0.693,expert_consensus,2026-06-04T14:02:32,
SCL-90_08,Feeling others are to blame for most of your troubles.,psychosis,SCL-90,2,Delusions,0.791,expert_consensus,2026-06-04T14:02:32,
SCL-90_16,Hearing voices that other people do not hear.,psychosis,SCL-90,1,Hallucinations,1.0,expert_consensus,2026-06-04T14:02:32,
SCL-90_18,Feeling that most people cannot be trusted.,psychosis,SCL-90,2,Delusions,0.889,expert_consensus,2026-06-04T14:02:32,
SCL-90_35,Other people being aware of your private thoughts.,psychosis,SCL-90,2,Delusions,0.791,expert_consensus,2026-06-04T14:02:32,
SCL-90_43,Feeling that you are watched or talked about by others.,psychosis,SCL-90,2,Delusions,1.0,expert_consensus,2026-06-04T14:02:32,
SCL-90_62,Having thoughts that are not your own.,psychosis,SCL-90,2,Delusions,0.608,expert_consensus,2026-06-04T14:02:32,
SCL-90_68,Having ideas or beliefs that others do not share.,psychosis,SCL-90,2,Delusions,0.614,expert_consensus,2026-06-04T14:02:32,
SCL-90_76,Others not giving you proper credit for your achievements.,psychosis,SCL-90,2,Delusions,0.706,expert_consensus,2026-06-04T14:02:32,
SCL-90_77,Feeling lonely even when you are with people.,psychosis,SCL-90,-1,Does not fit,0.634,expert_consensus,2026-06-04T14:02:32,
SCL-90_83,Feeling that people will take advantage of you if you let them.,psychosis,SCL-90,2,Delusions,0.575,expert_consensus,2026-06-04T14:02:32,
SCL-90_84,Having thoughts about sex that bother you a lot.,psychosis,SCL-90,-1,Does not fit,0.634,expert_consensus,2026-06-04T14:02:32,
SCL-90_85,The idea that you should be punished for your sins.,psychosis,SCL-90,2,Delusions,0.634,expert_consensus,2026-06-04T14:02:32,
SCL-90_87,The idea that something serious is wrong with your body.,psychosis,SCL-90,2,Delusions,0.693,expert_consensus,2026-06-04T14:02:32,
SCL-90_88,Never feeling close to another person.,psychosis,SCL-90,-1,Does not fit,0.706,expert_consensus,2026-06-04T14:02:32,
SCL-90_90,The idea that something is wrong with your mind.,psychosis,SCL-90,-1,Does not fit,1.0,expert_reviewed,2026-06-04T14:02:32,